PC1,PC2,PC3,PC4,PC5,PC6,PC7,PC8,PC9,PC10,PC11,PC12,target
0.6030235093056049,2.2919138069064884,2.847153104148408,-2.3358756258511804,-0.21167593950493113,-1.6768085553474996,-0.1385548356071919,-0.7311531344040808,-0.688439857764008,-0.9161485753939504,-0.5661519554244566,0.4642618163033126,0.91731314971178
-0.47858819707537037,-0.9884163618026844,1.492666531381149,-2.2395016564613606,-2.282193926042607,0.673715527384016,-0.10702943264795212,-1.5934949498947297,1.161419236387438,-1.218926992651372,-0.4036854993803767,0.23037127351892886,0.91731314971178
-1.8476554500006275,0.020558532503690868,-0.3532515492473767,-0.44810689260050723,-0.8521357529633204,-0.843831394766391,-0.07565475750383494,0.020138440635568085,1.307607092975282,1.1005746957471834,0.4135510024613526,0.09493059975264512,0.91731314971178
-1.7243771927981792,-0.4900396449277122,0.026776161280072243,0.13426823402514998,0.24869009677876902,0.5423976264755529,-0.1691217175540422,0.18539494629285933,-0.06919815286746384,-0.7356768792888531,-0.6176069552417207,1.076787677115879,0.91731314971178
-0.4032878671074688,0.278692598391268,-2.9019965867545694,0.4337008494132315,-0.1101591944303568,0.053437161125211276,1.4276338899996415,-0.6119228147862267,-0.33227823162132314,-0.8701619178244016,0.4282238869419183,0.8900456241642247,0.91731314971178
-0.6611402053563493,-0.39748232917239973,0.10141147938602219,-1.4861569242949437,1.1695427779030405,-0.6652541052134339,0.1328230225377733,1.1045346331956254,0.6935598146156149,-0.9771240655790847,-1.512499292238424,0.1416046288558591,0.91731314971178
-0.10360783018797581,1.425893685530019,-1.076216085437442,-0.8783901307296227,-1.164693453686138,-0.5915590074252093,-0.3382942032468314,-0.10545623555732717,0.2721565542322527,0.39452515177105024,-0.37187150845853356,-0.09939436237540648,0.91731314971178
-1.917251833209614,-1.1455546726488957,-0.06896261383289531,1.105922674775934,-0.6458883118219508,1.0885058905616805,0.28177949163017957,-0.2435593002588741,-0.38984709647353893,-0.031016184418197083,-0.4908171061216205,-0.21713030641947265,0.91731314971178
-0.9096781801423119,1.1848041667417466,2.682576888532849,0.6261363143218899,0.06392146891389248,1.194220610560524,2.1482889509192096,0.9179016542035873,-0.33908618537770663,0.6150700873818665,-0.4922270110911792,-0.4725631703659365,0.91731314971178
-1.4270157661037208,0.06381230162262672,1.3974389575616164,-0.7424992413519105,0.10059869475382037,0.9980115593148603,0.02567219508347941,1.5454492288813437,0.4943565107037985,-0.45550751899279385,0.002773163977746242,0.9043026848475578,0.91731314971178
-0.8413764904328206,-0.43371648251141476,-0.18748055598389524,0.10292043658863294,0.2418042255383761,0.48015321247715437,0.3859656931491741,0.8547581165460786,0.5434417505969633,-0.7383688127064685,-1.2258882028885578,0.37882422223512285,0.91731314971178
-1.785854065596811,0.6494379772270703,-1.1635434718627418,-0.7937002764457052,0.18478878406742508,0.5717061033146692,0.302048526148709,-0.07223524216241275,-0.4543229550898916,0.006098114724695649,0.5070900785050788,-1.0223925849320203,0.91731314971178
-1.7407674219185287,-0.36155922987948624,-0.10625392084664335,0.2819659859837696,-0.1618257757886399,0.5090797388795602,0.22602349266882515,0.16725805358004922,0.11999567249147043,-1.0449796555942528,-0.6247983109788164,0.1463865656963415,0.91731314971178
0.45439290861952497,-0.38195230265821256,0.813270357337148,-1.0779112429903788,-0.3957921781320296,-1.048314302662853,-1.1366012894355386,0.26334787614929156,-1.7219669305058949,-0.4995950778287705,1.6547200344794204,1.2706918099120674,0.91731314971178
-1.1571528814764145,3.298958530015084,0.9785860463131171,-0.10133542194654399,-0.37110316652879294,-0.5810047838044459,0.931227712143129,-0.5031017699144229,-0.7181365419462361,0.5550908523167866,0.5947398480518129,0.08479663279595795,0.91731314971178
-1.173658471666482,0.0076318692049612506,-0.2869033406788743,-2.0811486610639074,-0.23589140839090736,0.5670477232853528,-0.15025589661481736,-0.7414152449161484,0.10889469889620647,0.48291071260640545,0.3690368993458318,0.17039314105457767,0.91731314971178
-2.071520524844319,1.4335714564721023,-1.771343020324098,-0.07673439747044801,-0.21296211903206638,0.8771516325505592,0.07431905764609509,-0.7435440730888666,-0.7801930516063611,-0.5764946955760218,0.2499087738990735,0.3712604495630927,0.91731314971178
1.217998954824071,1.5236331527089018,0.28726127607480373,-3.7335082705913565,-0.24704485095009213,1.0997330118976656,-0.5540162003297741,0.35993565196342614,-0.7926921630610804,0.25935080699108287,0.26830183389202117,-0.4787098214633013,0.91731314971178
-1.1911281545533416,-0.6005593954573718,0.08867808030125146,0.15562259180530424,-0.5255307455777547,0.496157599075155,0.8915569014878701,0.6608460078978096,1.3703556222483935,-0.9454558450518507,-1.1052104901808404,-0.11430804702684631,0.91731314971178
-0.3567580297712958,2.07114927945618,-0.12005033996568906,-0.8704139699274219,1.1509529674849015,1.7712830906604429,-1.035922728012092,0.24291768338279676,0.2138139112374216,-0.08889128099048155,1.4782654079976594,0.5514721753261902,0.91731314971178
-0.028897615857012577,-0.7440955763759357,0.02417873275655313,0.1528862725499908,-0.3093848121447448,1.1195172790180707,0.19745463481223557,0.528489361157116,-0.2524281294784787,0.40017583146199537,-1.5604126490229477,0.3698802345240326,0.91731314971178
-1.704652645778297,-1.0574131380144507,0.3500436560544133,0.19796978665309906,-0.40347979911713117,0.07783664643881254,1.130822445398993,0.4179671026383995,-0.07214922067899299,-1.2574431791056109,1.4064217771485386,0.4685208448968482,0.91731314971178
-2.0447295965459906,-0.9451332916372852,0.012417196216744794,0.5107626493689802,-0.06397926776371296,0.18873147852603162,0.8748521223821236,0.6566624308931528,1.1018485409793102,-0.5571056972417114,-1.0290112304446426,-0.16861715881133826,0.91731314971178
0.9148768324065509,0.9058275237024559,1.6814433110265803,-0.7038290889677139,0.6760808431669794,-0.29113031859750094,2.1784885392556586,0.07543379230720795,-1.404987196893635,-0.8407155188954313,0.32164453669870935,0.1744623161755108,0.91731314971178
-1.3376492160762812,-1.3125778128665124,1.4394078964416517,0.1495564404420243,-1.355490098760642,1.191059160376682,1.1422402125882902,0.63010006873711,-0.1862227465296372,-0.3474915248163426,2.1201693344845713,0.20028263967190313,0.91731314971178
-0.11242473309586376,2.6279014204985107,-1.332697978038344,0.40650528738516245,1.0260775990024158,1.583604384515116,-0.001925370773667409,0.758431424876153,0.9212078258192011,-0.3786454916365338,0.0892543006170507,0.3178477760516098,0.91731314971178
-0.7447087737021418,1.2966202138219507,2.2223596904791867,-0.2834371603358483,0.8609710648432208,0.4213266553366972,1.3486816712492036,0.195914546606933,-0.5350674628066667,-0.3776351782833118,-0.5659512887167629,0.5182797511633875,0.91731314971178
-1.4771740502674113,-1.2873653489239012,0.510740047903324,-0.8707134178054715,1.276071273017283,0.17196799750800734,-0.7413803779304425,0.5024509999984479,-1.160915983932346,-0.12108520578475152,0.1686455344186168,-0.5254551798194412,0.91731314971178
-0.15134380443567544,4.117483123962788,-0.6989262216518709,1.2256416674663277,-0.22610914522586625,-0.39390562630533704,0.5744198870697058,-1.7288647183699994,-0.9904655634242473,-0.5152299756064688,-0.043473690467096614,-0.015191540640731372,0.91731314971178
0.21211411821536538,0.6601545312579382,2.7212310585533324,-1.3243407024074578,-0.32108864995090386,-1.5312550433842136,0.18124839466316947,-1.1060205017932438,-0.7165722849917033,0.6033634996223207,-0.8341314001691893,-0.046819571083974415,0.91731314971178
-2.504881909856994,-0.8970848203866586,-0.8386691496323154,-0.3189752977182411,0.952552619866749,0.2095608959866957,-0.05099624492438426,-0.9622747014700008,0.895525233004339,0.8676954916833066,0.6417095965944366,-0.1643541471649032,0.91731314971178
-0.37164534783916303,-1.2263353618302664,-0.1007618153467163,0.4693720814483214,1.1661131736879677,1.0044659840482375,-0.29723060940586243,1.213093337651692,-0.9428839192868089,0.9837854029976281,-1.1691667156096621,0.7234009095502387,0.91731314971178
-2.303209983902688,-0.41146663311023174,0.5222033329640909,0.8656553997021519,-0.8127908006041625,-0.9608283276345084,-0.2925603352097876,0.5303230093721625,0.7157317954086406,-0.07291342266042602,-0.2793628978915971,0.2870496834714585,0.91731314971178
0.1916759584606014,0.3636347469682801,0.681930501354952,-0.7452393806042316,-0.9089412744952559,-0.7453107631729567,-1.5333494835348722,-0.7120863191824114,-0.31941345406386806,-0.5008387569702238,-0.2789843183486944,-0.6100436668447449,0.91731314971178
0.04486728347602724,-0.42832585854572697,0.8102512274729009,-0.02443638168210837,0.1370963123291077,-0.9492616112528784,-0.7781781798440851,0.7022139150586129,-0.8764464252922562,-0.6840313613817339,2.40151671989766,-0.4155340365172692,0.91731314971178
0.33307284506592405,-0.1425321569784708,0.44512343556912487,-2.298126541096518,-1.490301906366379,-1.316033575523721,0.5256329521703393,0.17795973493969316,0.7026824778552668,1.005625158804455,1.6240286895325047,0.05944400797114677,0.91731314971178
-1.8872875174298238,2.2616840452945666,0.06751064903523561,0.06519895001233912,0.4837476961715729,0.2810490362795691,1.839534266517759,-1.3170416885086573,-0.7179790485616755,0.1262053648106342,-0.08353638501654141,0.049816678089890765,0.91731314971178
-0.6267777634850809,0.4375689979228981,1.1079472745771057,0.7161271680472164,-1.5448469620994583,0.5256358687289076,-0.5470028745397596,1.2218866909463908,-0.1533766894176883,0.36798758292588846,0.08221164551153078,0.16139982194314462,0.91731314971178
-0.8929240094597889,2.0011304023622967,-0.8888833391296276,-0.9168576233379568,0.2389775590092595,1.1916801982553087,0.34586072273287605,1.1628107821826887,-0.29710606951544166,-0.10237654997059623,0.20013666391302398,0.08882716450156253,0.91731314971178
-0.45531657623036614,3.190594535562893,-1.4481940525120394,0.13890134322644654,-1.1538714301949176,0.08651480116226389,-0.1887745622240824,0.8594421516636943,-0.4439455180675196,-0.46304840849340856,0.13143213497862438,-0.20506332078253842,0.91731314971178
-0.5607978536489585,1.7403209564273123,-0.9346937389440232,-0.06996242220722164,-0.6634595662012506,-0.17671624028165608,-0.7149333508054928,-0.1933441684559572,0.3573032195872581,-0.02242847404256063,0.8541448960221556,-0.8377530273706857,0.91731314971178
-1.2784070501460514,-0.17635720933608948,0.46526191044670906,0.10381625484431213,-1.1767497165289484,-0.9930508110352868,-0.5182126786584872,0.06024425912654933,0.38930787655086274,-0.21679175647629054,-0.7068491473624635,0.1397928005383209,0.91731314971178
0.8788729578366694,-2.324618863368505,0.028294807240764143,-0.6812685941072513,-0.8131576129340337,-1.8022020715303393,-0.2192515467917489,-0.6254439148135925,0.29031176506137363,-0.23105824092238447,0.2972545222979574,0.9489658370431987,0.91731314971178
-0.25760119675808185,0.5487490402496041,-1.4579209684937662,-0.6530581955275683,-0.4511713530335535,-1.133513983239328,-0.22678142059119444,-0.05786036105423377,0.3190685994867966,0.966354971507243,-0.8050894089182251,-0.4304477215817479,0.91731314971178
-2.302208958717863,0.5960623249016663,0.16291787913274897,1.132096397132889,-1.84544278418279,-0.6271392877351275,-0.11451916073987173,-0.01500803092021701,0.23769660090718958,-1.2042434908412838,0.07959094449462549,-0.791224186231928,0.91731314971178
-1.7743987087222288,-0.039007007697470536,-0.8047185366930572,0.7302116006470716,-0.2572486140400501,0.513655833231739,0.04949189214542086,-0.42777751469387,-0.49090186387506585,-1.497791646000196,-0.781899634304743,0.20995651254189282,0.91731314971178
-2.282015841242289,0.21188189523292794,0.8297895952972282,0.6420870352033978,-1.0775502473236314,-0.693875300808097,-0.33183096553149444,0.7647587345763136,0.3553101851603491,-0.3856723427965915,0.20836942468307895,-0.24566942255210647,0.91731314971178
-1.7155500805536212,0.3668549768878947,0.43836474333081527,0.5501087501859148,-0.7576115869691898,-0.7401416401017146,-0.5323344684374138,0.7985644025252703,-0.2831628200372568,-0.5212691235855567,0.10755255917618294,-0.7431825338531505,0.91731314971178
-1.884426243218149,1.4006277577184867,-1.035321115758382,-2.0610063895339197,1.5880212383994166,-2.567698168883479,-0.8691133381641001,0.9000626860512524,0.013238982725246855,-0.6075491742837028,0.6704552230032254,-0.9677849290963018,0.91731314971178
-1.3033318279880073,0.7071295961381979,-1.2930420678336556,0.21746748376404523,-0.10373457274478518,-0.9528559937142441,0.11278110350068832,0.8028381971158046,0.7803219548801871,1.120163786531139,-0.4532862243858703,0.048487723640224606,0.91731314971178
-1.558081166062653,1.088852180077628,-0.7901421593284139,-0.35738127949948917,-0.48397297249969795,-0.635966980453157,-0.5119870656032278,0.23458622653256153,-0.20372607089235123,0.6554263578340456,0.6793954829098163,-0.420315533422064,0.91731314971178
0.22820602424508182,0.3843086230029648,-0.8710387307440417,0.34953890494185624,-0.30761784295685346,-0.9943077772056875,-1.0482211625870517,0.08424308216302409,-0.7895288389855054,-0.48089250934806727,-1.6477501912931107,0.6222478552009388,0.91731314971178
1.097529330331928,0.04201792027095966,1.0949203722919254,0.20396379856192415,0.7151932640661085,2.144162296643976,-1.584652078389724,-0.515841500715707,0.26564096696103995,-0.06638002286410703,0.5125151878214884,-0.16048737109861222,0.91731314971178
-2.348480744008904,-1.0009129121003606,0.2854320053640895,-2.0846260051615095,0.20463061029274346,0.1799786437733401,-0.13949268113044738,-0.7158220901464457,0.48065606698287744,1.3245362624498145,0.6738842633883527,0.42248632352222776,0.91731314971178
-1.69503998584905,1.8327132930647483,-0.7609840277485942,-0.038292734486479234,-0.325886939856429,-0.3580262131183562,-0.570230649192547,0.7309557289956775,-0.2585594174703856,0.7016675499256334,0.49655787935240664,0.7539439623235304,0.91731314971178
-1.1398778916654029,-0.5270221498616278,0.5067489018323832,0.09030193806465127,0.8722510872407828,0.6391480933812409,-0.23199414886991235,0.6422789840297024,0.6468380991316752,-0.4960691629891246,-0.21327548169956045,0.02201125740033773,0.91731314971178
-1.9414687695317894,-0.7065023435543534,-0.031816243719399985,1.1041841779535113,-0.42078329657053715,-1.1600529134012416,-0.3405690126705569,0.41943592097006094,0.7247689018344923,0.08461019293535096,-0.8825920382393548,0.7097845073361494,0.91731314971178
-2.017472693961722,-0.7536378935367114,-0.40817201616709853,1.3078488550749263,-0.676668789971744,-1.2167297442774676,-0.3728249526796386,-0.16856256165886474,0.5306677735684969,-0.24065113442472152,-0.9053037254494041,0.47410215070446143,0.91731314971178
-3.13328665606671,-0.890757098854117,1.491661226822487,0.0729399116501457,-0.869636398742826,-0.9872868225145603,-0.8144958101233624,0.10562614287069653,0.0337319478454463,0.07247512185033103,1.1153263434822196,-0.6414642147655795,0.91731314971178
-0.8097315527651571,1.2291733407876295,-1.9494024510639312,0.9339998473841227,0.11644784422544423,-0.6883294095724886,-0.45122930728441946,-0.1531525171424192,0.6188429551860055,0.48617641183200627,-0.3252919028843996,0.0215849026176131,0.91731314971178
-0.3931870782864309,2.5180312997113,-0.0755996232555498,0.38107742821156565,1.905057057147898,-1.049888431853522,-0.36237741334236495,-1.1357424236755798,-1.8304820377575917,1.2086094269898384,0.30222847859602703,0.381311329949243,0.91731314971178
-1.2874754598063518,-0.730868619987399,-0.8156831882451909,1.2172736160529805,-0.2288430001357032,1.1365856651695998,-0.24294518738930895,-0.5409058056745825,-1.4709652304392578,-0.3392651756892757,-0.7157108685123836,-0.016623516383195758,0.91731314971178
-2.5398653108145486,0.24063022892759878,1.4496197848784147,-1.1938114207723631,-0.35013707596345367,-1.5675787125370377,-1.3555291766917954,0.13305219802774454,0.04568702886336328,-0.7515706905752378,0.511610486930847,0.8569120348932332,0.91731314971178
-1.3630751946000506,-0.9145719670978691,0.362573650064082,-1.697626469866124,0.77919622229261,-0.8966554576409488,0.1987801477421828,0.5031057700240185,0.4396964284696431,-1.1490430744367932,-0.736123469274458,-1.4737091570401255,0.91731314971178
-1.369606061632513,1.516886569353392,2.112433477859189,0.7483690127408891,0.5110733540740016,-1.1747691665449667,0.6309002871235545,0.25772978566570914,-0.8244681005906762,0.3516056204090214,-0.3761288705157969,0.40072803753370945,0.91731314971178
-2.1732066311423206,-0.8691634288880332,-0.4785658831719939,-0.7778118169772543,-0.3128158853762466,0.27035092470518174,1.2143472962188981,0.018959689119253893,2.2466980244795596,0.8337462076972104,-0.19473230858205284,0.0470151343198873,0.91731314971178
-0.24994631711000764,-1.8221346031602417,0.14416943512149522,-1.1603508991548253,0.19977846469733004,-0.29327879965287856,0.011866303305595328,-0.6012701165149544,-1.3115725933169287,-0.9054805697882066,1.11937468846658,0.49397726993278335,0.91731314971178
-1.3736574349926036,0.3708403486928476,-0.508571826627992,-0.821114689671762,-1.174606746278671,-0.9499188222607742,-0.15107878898228444,-0.38218833499030397,0.9452393314076305,1.0029761639039887,-0.035005944399398685,-0.03716970082660584,0.91731314971178
-2.3189520684327904,-1.1336914109425706,0.14618695598117665,0.18508174704081248,0.24221300293628256,0.1769065971087091,0.1636101949727636,0.11675732148113797,0.15030519165825854,-0.5128243092855648,-0.418797735013785,-0.05076412283370846,0.91731314971178
-1.4870693637960954,0.18350121766458802,-1.4659304186816078,-0.41260258772309716,1.1774553763866318,0.351901258675957,0.32796595901246317,0.578895383110056,0.2471511831144011,0.9188437508633398,-0.6415967796723169,0.9847641553108073,0.91731314971178
-0.3800476105629085,-0.22371179000523797,0.5122922273375874,0.25709165905883796,-1.230775896923508,-0.07964971524313923,-1.1778973200856981,-0.05833212379179362,-1.3819971220814,0.5334772347834643,-0.2137885545210311,-0.42560166527726867,0.91731314971178
-0.8940694206094295,-1.9633632161826065,-0.0572274097916925,1.0673850110740641,0.5955035063671825,0.6934682101818547,-0.10263745406280486,-0.5759153740307795,-1.4734156923441544,-0.07282920526424962,1.7652934020559528,0.416892235189248,0.91731314971178
-3.110236890787674,-1.1443947729535568,0.9064281958451268,0.9039128770122922,-1.4189101896026228,-1.1650346711082413,0.13517747572874816,0.07529049145139849,1.5719648874511407,-0.000774049025136867,-0.015204591717092427,-0.22970587268533812,0.91731314971178
-0.7979400121998703,-0.4156967536372313,-0.4816728303668461,1.5165778196466944,-0.8624341515767551,-1.3759608821628688,0.9546018454789109,1.0606531193164508,0.5822566141657208,-0.7395238382503052,0.23657507734234495,0.9775936501012392,0.91731314971178
-2.0397499085328272,-0.20832691032313835,-0.2744779746646122,-1.679469074890172,-0.2419947162384722,0.3092194438016387,0.2298331916893607,-0.6586969386761802,0.26839473192965385,0.6469848150986389,0.46026095195959665,-0.46450125733249986,0.91731314971178
-0.3969335659915821,0.9710888716151116,-0.6829600929509556,-1.0730036493643103,-0.9829935490175246,-0.6744166125760765,-0.4294988071433596,-0.06095961875635754,0.5359936059851876,0.7985873053440409,-0.23084057621365853,0.30008677289733404,0.91731314971178
-0.237472048118327,0.8630873379371693,2.2860939281522574,-0.47277722108270215,-0.719909033136972,-1.1795861622970487,0.21523850407790573,-1.5445517836511091,-0.4738400087774156,-0.07684643212383599,-0.5690013857176816,0.5893945326328996,0.91731314971178
-0.7131266786712758,-0.5387997658831143,-0.12885049095052195,0.33691924732694867,0.5195223825350731,0.086213171491535,1.131931243593731,1.5079376191342428,-0.3535407144901142,-0.9496257992328241,0.6032117369552138,0.9054843632892634,0.91731314971178
-2.0361268374959822,0.2654707953195745,1.6874623659933943,0.5943011537571461,1.06140148301015,-0.17801588730592238,1.5743995365439076,-0.5728977578798525,-0.1967245257096774,0.023299134841642113,-0.949206720390602,0.8455435611476878,0.91731314971178
0.2698026119697702,-1.095020993850121,0.2345117797444808,0.38531553605635477,-1.011531903138188,-0.615726059718424,-0.6115367334507197,-0.1549781089323887,-1.8434224301803952,0.36816264310063346,1.1421045279594007,0.8321064885139446,0.91731314971178
-2.8688992154356425,-0.936355367882278,0.2682045382632913,0.20124094265218528,-0.2436723617048415,0.3316199255924197,-0.07188779138658336,-0.5525766959104742,-0.23155192073949532,-0.9124042167802155,0.1479294338081042,-0.09155958532106301,0.91731314971178
-1.7672618108540852,0.14408777441481116,-0.38318934775984603,1.1958769410395267,-1.090096387418411,-0.9032263619275464,-0.35237076589746813,-0.014567132165747834,-0.011920363400903128,-0.8512068452582661,-0.5065726976957362,-0.39750931766766345,0.91731314971178
-1.7327121546139947,0.9890511433202825,-1.7839268673347717,0.04421114774737706,0.7947962076850146,0.8364237530447568,-0.7337075302711992,-1.3056179720278915,-0.8510795083161576,-0.3038678011724242,0.644822818792309,0.34651413781840323,0.91731314971178
-0.5930880663176697,1.6032341845155473,2.4125149201753477,0.1248474220379006,-1.2870297742439907,1.3959419549610121,1.5299120351203148,-1.1422896890269094,-1.0696540826191634,-0.35942754908489927,-0.38495031092336135,-0.1501964405512984,0.91731314971178
-0.479395863217496,-0.7229037231366309,-1.7601123703450188,-0.8758534330218143,-0.24268325006581634,-1.6416708855704867,-0.6187867834882971,-1.2252745549892343,-0.1415290919199947,1.0911410612945645,-0.5573719575186575,-1.2117127872257691,0.91731314971178
0.6871289885280141,3.168454734798818,-3.1975418480388655,1.0331475123692309,-3.1662389093268137,0.8826848251236763,-1.0153040165770493,-2.6784599895596775,-2.3169957226949656,-1.2633031976988323,-0.4920188638251352,0.12087465560968193,0.91731314971178
-0.29048388984099527,0.26107471919447317,-0.008123589829771908,0.8306483312647951,0.4406185709212101,1.8850912476556534,-1.091601229571839,0.012314886436560287,-1.4378077981456971,-0.3356008603214309,0.014148895538673056,0.6623476068431653,0.91731314971178
-1.677610075257886,-1.1575791655886634,1.4822940963681377,0.9708282698926466,1.0706011462877258,0.15900177833526855,1.1201051095699606,-1.4407361241055379,-1.3672738638906072,1.1655034104434654,-0.7355769155253397,0.04802999709968537,0.91731314971178
-1.151389140373336,-0.09614363725886838,-0.4026824899844627,-2.1012838009511317,0.051590684887541434,0.5324796452844356,-0.4566041873428434,-0.9124272697662459,-0.222798836534622,0.588439983388093,0.3549449909958982,0.5887528945366263,0.91731314971178
0.16103875660828712,-0.188824863026426,-1.766553281969437,-1.0704507140231037,0.34495011470215703,-1.3728178587249522,-1.1201839848433188,-0.741452220189803,-0.6357094528442438,1.2561202368825468,-0.7408625790721275,-0.014309876278921918,0.91731314971178
-1.6278780582499897,0.8151806242446462,1.7825584964796455,1.2325208485965577,1.4357588191721293,0.3130124090446057,0.7372517110081162,-1.693389284079699,0.11863434329023897,-0.6491489832270164,0.19919853941190374,-0.212890071539136,0.91731314971178
-0.34433079165386593,-1.526604044715839,-0.29812709023749867,1.1908617633057843,0.17613132545962024,0.6172870637937307,1.310496913045336,1.2558228141334895,-0.37247977558413753,0.22768658789813995,0.16039549525566674,1.0646188445044649,0.91731314971178
-0.930780130765152,0.4263777344025243,1.0022356538490351,1.302669524477421,1.7770930835980672,1.3961904467563533,-1.1944293069389316,-0.15563510839637157,1.7311583924981693,-0.9460320300940125,1.2292363824985726,-0.6631989219708391,0.91731314971178
-0.19751197729987657,1.705760709468385,-0.319280114296879,1.1905361779101953,0.5874086823585014,-1.6329404837000294,1.851764929700471,-1.0302387784920077,-0.22980935410617176,0.5332872120254522,1.1928846449112582,0.27804589721141565,0.91731314971178
-1.5106998519667911,-1.1148144594700695,-0.5280359288865204,-1.9194283931989844,0.8774763876368896,-0.17549672218674156,0.04935204216460249,-0.2964546163344969,0.07743180111145477,1.4074133064480585,0.011344847184948438,-0.6744534740641512,0.91731314971178
0.9362667181189359,-1.109892614003494,-0.5055000574969045,1.3074562439787032,-0.08209740481044937,-0.9054728933722538,0.6458744411655819,1.912052417421716,-0.9811817297549674,0.6345692086739035,0.2776358731987257,-0.9243473753634557,0.91731314971178
0.4807558217521781,2.1266332951755063,-2.3689948146703483,-0.02927600229929244,-1.506674221155814,-0.512471630626723,-0.1486986748256106,-0.6018446337230474,0.06360339965915436,-0.3888614655438421,-1.2601676854571748,0.1406967975967122,0.91731314971178
0.017792988894650207,-0.4547281851089865,1.0594383727008403,2.307167818788696,2.437804126466166,0.7162260075174545,0.34166565492547807,-1.9958179963346845,0.07731767511459987,0.7960323542032325,-0.5445078833366384,-0.41910065901428556,0.91731314971178
-1.1837981326806446,0.01723703402696394,0.13730676187358348,0.22495729940952558,-0.5969289301239453,0.990077739131339,-0.2853679279901766,-0.831741867741967,0.3801409914152141,-1.8206891043741296,0.2459667317013508,-0.5753827822053578,0.91731314971178
-0.8458175034289345,1.6472610881131198,2.1016466033808485,2.031722222793652,1.3437829420713685,-0.7024418493563548,-0.34469680378479267,-1.3304147736783933,0.5933887413348194,-0.11085279193328809,0.6056285622739475,-0.18323119256175802,0.91731314971178
-1.6069183284083812,0.84982012567954,1.5364723917832466,0.8960718842788153,-0.785274160163627,0.01229931958100398,-1.0663779773410098,0.21054345900249208,1.2766467088621425,-0.8309598185610916,1.4007454358368914,-0.8228126848128752,0.91731314971178
2.1836556258670146,1.5421647592166694,2.1092774937037095,-1.7623082483599553,-3.2042838081565543,1.1050675640598793,-0.8282195698656042,0.8285898134232142,-0.0611106802436669,-0.29373468442323036,-0.19117021043459412,-0.3328879061969254,0.91731314971178
-1.2887125909753336,1.0973500374747969,-0.5012122314860697,0.08672372008658998,1.552211023968216,1.1224354654207218,-0.18696058257936238,0.5605203086525086,1.4436142184989895,0.7030658830009378,0.5290673661144706,0.820906518718615,0.91731314971178
-0.9629349188366443,-0.35682032238510375,2.558948142850623,-0.4744265256377555,-1.2387304328612296,0.5510116196911237,1.322997936245387,-2.5334929862383517,-0.5385343618235381,0.5461490345701138,-0.8609683824507989,0.18240948668740825,0.91731314971178
-2.2064685023195563,-0.5412377999338547,0.7226644433769613,-0.24730753347052886,0.44329778389174296,0.47284489670173324,-0.08150917303056399,0.7819596934947759,-0.2817269702637412,-0.4350414335230854,0.0785972680911509,-0.0323018853473615,0.91731314971178
0.4151887296147966,1.0333760231809013,-0.5540168055525633,-1.9477621902010525,0.3712791248292476,-0.6786667868363255,-1.5276008447284553,0.3818975768276687,-1.2099654381544303,1.2253553072704901,0.2623072461803573,0.15112253660516073,0.91731314971178
0.5631721062881101,2.8593466263510803,2.534987820033278,-0.1422041474707544,0.8131787572609022,-0.6778698322886378,-0.022247193536750674,0.5786056785645879,-1.3397621232802284,0.03868659782082237,-0.09986906827154811,-0.609370814341758,0.91731314971178
0.016216740872902743,-0.33464631014810436,-1.293929814479372,-0.4726289013759138,-0.7838456686305305,-1.71413421097303,1.1428483161044591,0.35916254696500904,0.7627380665399012,0.7904852117134302,0.6699184764310463,-0.29234116774468577,0.91731314971178
-1.7184371195371795,0.020838264372338194,-1.1558083915198785,-0.7588426649034828,0.20196739090156382,0.5023574600331084,0.25374875874747344,-0.39351146123815633,0.32173135977464634,0.33421711035669915,0.04701143944618189,0.327149398263066,0.91731314971178
-1.6404077681424873,0.01022186854715545,-1.7529143719302445,0.334892264067565,0.009984196161355867,-1.2318102411085707,-0.35680305287749364,-0.3522779307351405,0.2353760034225657,1.065597873194875,-0.36335661970662486,0.18894863203847947,0.91731314971178
0.3552153311653078,1.884567972775254,-2.1883921190656017,0.3194743311825373,-0.13378594564984178,0.5515307148655155,2.442588939168649,1.960828017468614,0.4524969235999522,-0.7922212945918471,0.1792002813991887,0.12066315659935613,0.91731314971178
-1.14634365375169,0.5142671964292257,3.1280370578296823,0.7563829028001262,1.2998201597105472,1.151596572529751,1.2659930828866406,0.5740393666556394,-0.08099354867590731,1.3723889016287703,-0.0021185194119936915,0.45677180536616024,0.91731314971178
-0.5717052468469069,1.5424556086765377,-1.4595157199793514,0.017766381044564714,-0.12083051548141412,1.78693929767778,0.17015245298094253,0.4925840747618076,-1.5255897220388321,0.5448363135498926,0.17242670594174062,-0.5596145672542352,0.91731314971178
-1.6898985577802523,-2.137112741248209,-0.1791939562516847,0.9514749602554737,0.10780829503357835,0.653057916795163,0.22451476973876475,-0.11770360874782429,-0.18209665415929974,0.6584662986434799,-0.8875185869585445,-0.16359269059333278,0.91731314971178
-1.4676005250068636,-0.1463011316298033,-0.3166120216205444,0.27915249431960926,0.42909440897116685,0.4466040404698105,0.058729552247309254,0.5933679077948123,-0.47757100167952327,-0.8934287728532024,-0.7214462984984603,-0.052136623862981346,0.91731314971178
-3.038934821083564,-0.39792667148880934,-0.4753344843720142,-0.7897379301616754,-0.06496543450329037,0.3215516095633911,0.47964356936329583,-0.4954690709826222,0.46970863505371785,0.5411789032974229,0.8563396996363573,-0.5859068416293145,0.91731314971178
-0.9880490847580649,-0.5488554062732067,1.3533369687554007,-0.8931636784464723,-1.5938465898603256,-0.7900265179810865,-0.8189042637406896,-0.20053193409086906,0.5755319558473848,-0.24457937996151458,0.05734135741794342,-0.15360949419979647,0.91731314971178
-0.44996250494630774,-0.3182788666408042,1.7144275460138307,-0.6016370841515062,-1.4341881332718895,0.3028005932861529,-1.5913578766060936,0.07021074701000558,-1.0128400857031494,0.8184630508840226,0.5048989347602842,0.6022140923783982,0.91731314971178
-2.6809478842153918,-0.7257395560309541,-1.021138912085425,-0.5865520514199042,0.6155029955726751,0.1359227123479077,0.16894305468307727,-0.6102329800271166,0.27159625614011446,0.8672140405529836,0.23734512551353304,0.4097748513011279,0.91731314971178
-0.00572588089814613,-0.2307750411767365,-1.3914462394616576,-0.38013818967962887,-0.751657189650581,-1.7128186265482233,1.143761507800857,0.3747212275505184,0.6569275962270055,0.7492094167914674,0.6351971866338739,-0.30604422309117885,0.91731314971178
1.5083846999156423,0.9723116759669971,-1.781771118892576,-0.9067446176168091,1.1070992942511881,0.9028540466194223,-0.6308742780179115,-0.8537676298899249,0.6225812917651096,-0.11859007593555188,-0.5699392242307344,-0.3548298999197118,0.91731314971178
-1.2108294852873902,0.5184387387903366,-0.4195150589077464,1.3318102335261308,-0.5079695511022122,-0.7722283231924814,-0.27049097178830156,0.9702262647419932,0.3725352614588234,-0.41461060449859255,-1.2168267383098412,0.8894862506174894,0.91731314971178
-1.9014800955336497,-0.18873588697758117,-1.1937436504355172,0.26471753609685983,-0.971320598106419,-1.3976006852344505,0.5169464254233794,-0.598812322871845,-0.19301149306740822,0.23079419447606353,2.177298754419475,0.1465308318067002,0.91731314971178
-2.168161952224194,0.8406430983887555,-1.1229976293244242,0.013201511543280484,-0.33689107226948745,-0.7528910288953445,-0.88986263929687,-0.5150189141377803,-0.6043350020693941,0.6826457375337224,0.6820869949948131,0.412120841695752,0.91731314971178
-3.4421003364458587,-1.0362280120300411,-0.6003221894967049,-0.780517685010887,0.29077052511618245,0.13150375128540998,-0.06711257457997405,-1.2411377978299019,0.08477768111360441,0.8030802057460984,0.9553613804003531,0.22561075705281142,0.91731314971178
-3.057208254369295,-0.8644412438148193,-0.5751334135165249,-0.5735241218683105,-0.42552234960081503,0.2549163108835719,0.7582383214424001,-0.8511872842330173,1.4349471848186857,0.5989793193438058,0.3783050793390998,0.16293235788938967,0.91731314971178
-1.5445550625972524,-1.700264520333973,-0.37332939342846644,0.06755244831406328,1.058935745488524,-0.17355723521212765,0.003464468507759341,0.26230180648670964,-0.12310980831668211,-0.136936738678159,-0.9718891911159354,-0.2709306495883906,0.91731314971178
-1.270613797895648,2.3067581777886437,-0.8738293228727932,-0.10243059742275722,0.5373181407387093,1.4008260810826196,0.10293050485864423,0.7763849939504142,0.25071420308007086,-0.17532047599078482,0.47705665109324175,0.4900049679529739,0.91731314971178
-1.4872048691212107,0.8631647116387674,0.0828670915936805,-1.1854224656762091,-0.7132192166338832,-0.7491461831482706,-0.44142170217747406,0.39287585727589397,0.3856645091925458,1.28005207790247,0.48290211490662,0.029361914155620835,0.91731314971178
0.8807228775765257,1.138266430734744,-2.0532213021825445,0.3364114461208755,1.2834977271594643,-0.9975903828871571,-0.5066783279297176,0.7680579278084122,-1.2409997756988305,0.4339939304713832,1.3947228335313784,0.7226949301298895,0.91731314971178
-1.6413985388623156,1.3546805630490357,-0.04023208395146898,-0.6107568628641775,0.6346441771134912,1.09627563775739,0.48120359339750796,1.237573040343403,1.0507717415307274,0.48141397440563577,0.8190044809491953,-0.435605972640549,0.91731314971178
-1.3305242819226537,0.47726604604910444,-1.1279791824751668,-1.1050272210289367,-0.3265248137024287,0.3846389479249852,0.5987896056349029,-0.39514058188161155,0.3298707465810938,0.22239440242948527,-0.37335267740685757,-0.4800771234070136,0.91731314971178
-2.0780689882066943,-0.7265169079567051,-0.5216732727597791,0.5257396122156328,-0.20937317168604916,0.22803677264014127,0.25049997397386353,-0.42371657868057705,-0.2029659967591257,-1.1996133535415803,-0.5705066953802354,-0.6394251142687755,0.91731314971178
-2.187227127326277,-1.4734141528258853,-0.1649386674681098,0.12037146163494696,0.40177533911986646,-0.019668541342961657,-0.020696400883699718,-0.29858933740636256,-0.2791634644472701,-0.5741010009665611,-0.3842824585631924,-0.5936079300464048,0.91731314971178
-2.245079443664454,0.25531000387180725,-1.6545099864973798,-0.1200049138502775,-0.35257962724454406,0.37008556150797633,0.7734396313996394,-0.7340138175537253,0.3299894729709138,-0.17944582543426996,-0.004333243711929721,-0.7999930492753005,0.91731314971178
-1.7424685918833245,0.16674001260818888,-1.7637626382062543,-0.08993894114857176,0.2686109015165307,0.29135149504558366,0.8348563716357217,-0.05292628781082599,0.6204155801312159,0.2977947538532339,-0.6111391401025374,-0.12071921866241646,0.91731314971178
-0.7735560377110318,1.0137520287224608,0.45622899425044366,-1.2815359893667975,2.751551940700702,-0.3098526320027011,0.9429153810170785,-0.22979172371211687,-1.9776059167653792,1.55050309776385,0.14248580369530717,-0.9121181026916755,0.91731314971178
-0.646339675428652,0.9987582039855053,1.4241474583185019,0.7499631762452355,1.3170277692043273,-1.5284128767033853,0.39627509455438564,0.21320042681256082,-1.2541772573199816,0.6347627476189501,-0.962258963689316,0.287439400460728,0.91731314971178
0.6011947109698002,-1.7800509965014333,-0.5904508154296969,-1.7027603526385715,1.463102799537784,-1.378385504876904,0.3105943789992414,0.2384822289810925,-0.32415692627980863,-1.3642245544623008,-0.10956309960429908,0.7473879211007803,0.91731314971178
2.095586522730914,-1.1292767448065524,-0.9280263735584175,0.44229919957298514,0.9523443840376387,0.5718912297343499,0.3923983836738952,0.6406874823155961,-1.4454903639160075,-0.10082020113035405,-0.07640153835897111,-0.5800846044880258,0.91731314971178
-1.6865918210219755,1.1363692562510856,-1.1750236274543653,-0.09148797432207623,-0.7595439225184736,-0.6140695601192135,-0.6497892666065201,-0.4446590692193095,-0.40514629946899217,0.31262445817235934,0.6256097638654948,-0.15804245709396536,0.91731314971178
-1.1143780899681583,-1.1206523346614565,-0.5312111336811894,-0.12521737868107868,-0.9501303647504642,0.14358895404812194,0.2235357505346976,-1.3416630562125227,0.570762945050169,-1.1929419976573281,-1.4279772907749368,0.2643250909988999,0.91731314971178
-2.321389085247451,-0.29345562164688616,-0.22894582480278206,-1.5751910789026862,-0.2941505089518689,0.2791216981148932,0.2661077597274068,-0.7477167924281071,0.3739371215032577,0.6956759841188361,0.4915381109162414,-0.3227942841735111,0.91731314971178
-0.4035235016023265,0.1911173142709749,-1.7374595207675692,0.08446574215218834,2.517700761064187,0.5999228962606975,-0.914472238737242,-0.40195994578211125,0.31134906595205036,0.7988505939410957,-0.05766614395695753,0.6946780214195412,0.91731314971178
0.2328622555964823,0.9853770128157221,-0.6342947819654189,-2.9798735964192535,1.9456777412068507,2.1906014913660807,0.16855871277144424,1.0580566607621649,-1.2419526945382184,0.2810247237978533,-0.22033092645709296,0.3127838133875966,0.91731314971178
-0.25439728711782406,1.4339092565319642,0.02378129410747857,0.5973671018879649,0.2223686770613648,-0.46503007823946085,-0.6046171005116612,2.3201770168124156,-0.590578011356267,-0.2801629791760279,-0.8333126251998384,0.23551023658330172,0.91731314971178
-1.3671252657314956,-0.01038834319881552,-0.5650214091500553,-1.3492515327008663,0.2611994420738891,0.4578652246627304,-0.251590259625214,-1.1406630679832603,0.2691458979709628,0.3710152101808795,0.702331190535861,-1.0126880457148761,0.91731314971178
-1.828334841362558,1.8140317804814412,-0.10678733678550452,-1.12932262971464,-0.17997013129800973,1.3246075016136114,0.21668740644374965,0.8373973306716237,-0.05800550962553074,-0.012784456207032589,0.9343161336911139,0.47469831409031765,0.91731314971178
-2.5521132824921144,-0.8050289108141413,0.468946327361359,-0.024620153140219418,0.06356734508690147,0.36854510358766057,-0.05456808396178236,0.04376637934791156,-0.2552761150064087,-0.6986088135115451,0.1291384456489203,-0.21208961885626637,0.91731314971178
-2.272966837932015,-1.0356262176139321,0.8824488398288731,-0.45519537078920097,0.4517194083948148,0.26414976882034613,0.069267721646602,0.7681003494946381,-0.11342091197898804,-0.2822989323470496,0.2258059985697689,-0.8447643954191356,0.91731314971178
0.4339046882168086,1.1389822452141019,0.01668571324387632,-0.5848279643965189,0.4209881157048951,-1.255756317237364,-0.5316665321696691,2.161689239385575,0.8767298130958837,-1.1448457473551497,-1.3023201514842015,0.6777572777583629,0.91731314971178
0.44326522521355327,-0.4312882383423819,-0.9788189255438531,-2.2836462565896953,1.8079784046061935,0.19593472678233353,-0.6153932960245108,0.44238594748132987,-0.38374304935226966,1.562764701859581,-0.8898038888129488,1.186516532229602,0.91731314971178
0.08816763351114774,1.565896633303642,1.6847829997140504,-0.15681316160581923,-1.594304936366891,0.7443034928918388,-0.6645495998663942,2.0017785338697296,-0.8237160813464524,0.431417808227771,0.11440756591492797,-0.29550481126955247,0.91731314971178
-0.15328036108011486,2.3747750226070954,-0.682898118108678,-0.5231523789783067,-0.23008472200353006,-0.20416051731078746,-0.9069400992441444,0.4431150267274893,-0.08777697422672578,0.4973001458782383,0.35633641442749847,-0.16959156163306785,0.91731314971178
-1.8307460061388003,0.022763460451551375,-0.2135351875566759,-1.7150106199193935,-0.38485774370517656,0.31481983402643443,0.6207689654735722,-0.18092746095436513,0.45619508943469333,0.5432389691928013,0.44039226223396183,-1.381447748141952,0.91731314971178
-0.18102926263199123,-0.1635172984909787,-1.1328969473348234,-1.7124972644630476,0.9747778082413049,0.12252219705856886,0.24473312562445157,0.42297732518225767,0.17462484834292202,1.0892745785988802,-0.8847723628292062,-0.1655123782377248,0.91731314971178
-2.4644220046361474,-0.19562708694431177,0.3779656666102396,0.20860353696280254,-0.27526308838766744,0.6002681658494906,0.1389276918337804,0.20838633493272393,-0.10765212102254876,-1.0136661380379863,-0.008073854304761484,0.003895425191757588,0.91731314971178
-2.744180553442782,-1.672326898827991,0.5350729157730437,0.0626911020373261,0.04322069586786747,0.021373234348269807,0.4229320460913242,0.07470749174506736,0.706027131003131,-0.292610396696399,-0.22394807488704757,-0.44581015606485336,0.91731314971178
0.9684845894754269,-0.45940962479280556,0.7004637474917161,1.0744671247011899,1.6172602036397643,1.8181273251569539,-1.5690455987809229,-0.7039896410637221,0.8856979668879551,0.2859060267622654,0.3456492922953467,-0.7844930199796487,0.91731314971178
-1.0681183270700343,-0.267905677998519,0.3506614473772819,1.3132715048316121,-0.6259100602365053,-0.0504908590523767,-0.6406001271080846,1.0244207297017214,-0.5795438512972195,0.8819148787303008,-0.4447607227134743,0.2598026095821836,0.91731314971178
-0.6171142216215765,-0.6348689516494039,0.2997018271122302,-1.2717550376966578,-0.2614971906994336,0.14375433630664874,-0.3145142073435007,-0.5052525753097652,-0.3589346775925921,-0.4819683185044652,-1.2570376123977571,0.3073190163120696,0.91731314971178
-1.2390979158121083,1.242088705265765,-1.8779148028641204,-0.21582553676324165,-0.5013740781785907,0.8852054191481838,0.4678217619067497,-0.5810303462430492,0.07499030170824107,-0.6453186717559448,-0.29579849298251165,0.26890665730819785,0.91731314971178
-2.779307689983738,-1.6683607187672036,0.792587326248639,-0.055177440308343755,0.3884424728835239,0.08210034728939601,0.232521707992385,0.3893620990332733,0.7108981572107129,0.04096613179329031,-0.2196194941983537,0.2913928273555072,0.91731314971178
-1.594558583518153,-0.528079709475843,1.5964471862416016,1.0697799146384004,1.5656443272854095,1.108014847629163,-0.8672638337948438,-0.2773552984143255,2.51373228753645,-0.5419587643451319,1.5522262095407715,-1.2756291039207324,0.91731314971178
3.4594016988636063,0.8745392002750039,-0.40051578662625315,0.7784341798049698,0.8780132494740676,-0.634306203095187,-0.5815681299923682,1.086933386298145,0.7464597995281409,-1.0849000440183056,0.5103993532761529,-0.7626767895375793,-1.0901402648748688
2.9988315225013347,-0.9357035581014775,-0.056907923635584536,0.7015653964411197,0.21834737529205,-0.20685975685197364,-1.0643185000529394,0.0692367480768802,-0.15926944749535804,0.41946872154239345,0.5171888643935587,0.9535568915336712,-1.0901402648748688
2.2054223090160225,1.2695619355191532,-0.5264429147004962,-1.4445082770700646,-0.8278762478281316,-0.1463676932215544,-1.232106302647864,-1.1000390602828656,2.0730945524660775,0.5104221333725292,-0.5909738705201912,0.7810656360958597,-1.0901402648748688
1.2081124998633737,-0.1139781462016212,0.02697576829923216,0.769282083809371,-0.5279044854258582,0.09592163609509909,-1.1926970644073556,0.21813426918593426,-0.09202657013231762,0.6488584568728387,-1.1617379068902431,0.3244766690381837,-1.0901402648748688
2.6149545623812265,-0.6005316050457229,2.1391684096314942,-0.4475756182502288,-1.2725680353924358,-1.2038200296559476,1.6908647392275868,-0.893702016781856,-0.03127551677873439,1.0610922112554384,-0.6294836875527683,0.9741471810359916,-1.0901402648748688
0.4921392745450993,1.16030811702782,1.4875268012235554,-0.2577106223522757,0.960530153439888,-2.521682555487323,0.8566712439287385,-0.8337970595724589,-0.7072298307186947,-1.2664567456255664,0.8788134273486564,0.08032405245681984,-1.0901402648748688
-0.2845290175584856,-1.6982009938001064,0.6312764221389614,-0.9487021314877189,-1.109954041903214,0.8581560507988001,-0.36049370680360804,-1.2055175566910405,-0.4495285314884869,0.43362012309413805,-1.034467910752474,0.12769368418053068,-1.0901402648748688
-0.012229688397179639,0.15132101943452084,-0.007196299429140393,-0.2805107605507827,-1.0531804056013334,-0.7408600510037107,-1.1798175143488105,-0.3741630239788912,-0.34924109967274536,-0.6350934328162428,-0.8966409217666318,0.6790554697371779,-1.0901402648748688
0.3162291810767696,0.2855982123132113,1.3836744038058368,1.0033420669632072,-0.7955228250276419,1.0292777125316268,-1.7854159927626736,-0.05276443700577586,0.7806722675029066,0.24766693559562397,0.7678299321874719,1.0046280121386446,-1.0901402648748688
2.6844108992482716,-1.1434085151467601,0.3246016328464533,0.6470820998815139,0.017489838912348826,-0.2790568873395778,-0.675652379589553,0.3595739230885948,0.40496512228089115,0.5825224235250267,0.640121408724952,0.46687691017666244,-1.0901402648748688
1.295850385539313,-3.0840238206112054,0.2995196245211236,-0.292151344514805,-0.635052725453354,-1.3588363733249051,0.0019757391367854556,0.07574237774728228,-0.42751823981264425,1.1802399258276568,0.44495649343074944,-0.6005909033534385,-1.0901402648748688
1.0897623679878774,-0.5843673047165509,0.9616273834115718,1.9253473293170422,1.6655891234951994,0.4799687763436534,1.5429190795845606,-1.242700522271558,-0.26740957352077477,0.30363074874234947,0.33968086781467316,1.3049592727319943,-1.0901402648748688
-1.2081052612504635,1.321862755044905,-0.5318970386506942,0.4710371195465656,-0.06581648699105355,1.0048128319685417,-0.10651060772040172,0.6282913726548643,-1.2186963597340228,-1.739249440235621,-0.49712868714974984,0.0857259685218146,-1.0901402648748688
1.59870806392712,-2.632056961359535,0.3952350894579671,-0.32249824653740383,-0.916407717393238,-1.1074257456931818,0.11268969740011464,0.30281944272445843,-0.1778746221462885,0.9786258851011451,0.3545027330718314,-0.3022401639418845,-1.0901402648748688
1.6467178575396562,0.26384546666845327,-0.7401231986029048,-0.3297408975300352,0.6119178917201256,-2.2020892159183374,0.1514001336009035,1.2097954481067903,0.3086222424066322,-1.6651376889653033,0.03821639286841872,-0.8889258102541959,-1.0901402648748688
1.8947085523927218,-0.7578072517142148,-1.2545823101502964,0.9067951759027681,-0.6039607308625926,0.8656494062515121,0.8065022132855225,-0.5000376399667273,-0.7298078570365337,-1.148192136486184,-0.14077283043633346,-0.5142108771277879,-1.0901402648748688
2.257214457673352,1.1922942446228595,-0.7018622409007953,0.37397128645884997,0.9200047198067558,0.5067657887589466,-1.2606696171643188,0.5149997430523836,1.0780446568425435,1.9943601278421061,0.02177778983755826,-1.0894657932307148,-1.0901402648748688
-1.061887725492792,1.57365368873808,-2.2409646756310613,0.8343660599702427,-0.5027100650316624,-0.6977989866989472,-0.11963587054600977,0.04412448221136007,0.08960521448951887,0.26455654053147765,-0.7685376249206596,0.5938923815742934,-1.0901402648748688
0.3329986432635226,-0.36594054935601156,1.1002098826954516,0.04558969948663469,-1.1313743191670245,0.4124920423239426,-1.916870981598816,-0.747038147004388,-0.3792275148077367,0.5268533441812575,0.18084822741466297,0.9073415379327964,-1.0901402648748688
1.4304061926911307,-0.5150630089162659,0.4378975575354872,-0.13796416198112324,-1.5412477050906732,-0.06560528038655798,-0.3506788666055961,0.7440488600280422,0.29165362560850955,0.5852964777320921,-1.3163135337526037,-0.7729429747627453,-1.0901402648748688
-1.1474541048216402,-0.6657903375407942,-0.784007401207823,1.52559537144551,-0.010070914857701709,-1.1782849311328247,-0.8428976440525362,-0.5610521032101677,0.33676809742873626,-0.4902009295735293,-0.648229817387523,-0.6733039919999027,-1.0901402648748688
1.0694966220836,-1.1603290815465928,-0.6123947925425975,1.1937883874931967,0.43244346501236103,0.9785986224769071,0.6717696815080906,0.6137603619937696,-0.34296684370818126,-0.3339833549808525,0.34381811823938885,0.6872819243424497,-1.0901402648748688
2.599945351625506,-1.3255678132208994,-0.4538496915619498,0.48851424776721913,-0.5499458325336268,-0.6536508997428194,-0.344178330653781,0.004932545599965786,-0.6274290692701547,0.16099748454432966,0.27520744903381184,-0.5148298686957057,-1.0901402648748688
-0.5295712232023985,-0.33967208130237864,1.0760210579711913,0.0031358026296530494,-0.6139076643534261,1.5963208880323347,-0.23867744937030375,0.04984385483404451,-0.007913843895034339,0.03175462817285569,0.004307622933271633,-0.5891540556956467,-1.0901402648748688
-1.5520053291400462,-2.095132458315129,0.3034364869676063,1.2398709203663427,-0.3454503320316222,-0.76944630397689,-0.5092149965487418,0.315120495004011,0.05871012187689253,1.5424325827579906,-0.6046220946750849,-0.23720685783330783,-1.0901402648748688
0.9560075266099497,-0.6032862597326341,-1.9827733580859153,-0.3172662311119902,-0.8990098363037937,0.6477243884156305,1.5524648328656248,-0.5442146546529559,-0.34108631354149777,0.4859632637989284,0.32252177334664117,-0.13271454162334767,-1.0901402648748688
2.8522543759929153,-1.0967513637105217,0.30550399990570926,1.085490621539747,0.3758497837378077,-0.16110283175759985,-0.9637397512360436,-0.06516356565063001,0.821993816882335,0.4660430872681562,0.9668341926542028,0.08524654287437454,-1.0901402648748688
1.0226731806832825,-1.768792991322561,0.2288856691019964,-0.42667719387072106,0.894567530186958,0.9027517312464671,-0.6419836483566888,0.10902997924338176,-0.32038425796300435,0.846133848005493,-1.0163351438180859,-0.7847038940917271,-1.0901402648748688
2.9728175822834295,-0.2206015392928062,-0.042507988234729434,1.0389101809884862,-0.8970304215286242,0.08163472604917006,-0.2987206354495048,0.1800737441886875,0.6539251759315389,-0.2643303365450378,0.42122898364431444,0.36317409740279055,-1.0901402648748688
0.30829626824291856,0.2608483567273418,1.5506619439185865,-1.4377716376401442,-0.9181553196111139,-0.36293801893520183,-1.283609001996291,0.8446604403942635,0.1625711366983135,-0.055265775182012034,-0.17811400063013916,0.9025779937741578,-1.0901402648748688
3.5824361293250178,0.31894761173465486,-0.02220301222584062,-0.37030945451721203,-2.8409166780660926,-0.06044022029007577,0.7540180956314527,0.6775058872174854,0.17061966342849655,-0.6634553431130669,-0.6845421205171753,0.07890271401111999,-1.0901402648748688
0.15190442100965848,-0.2729803356641497,1.3146836586125228,-1.9583588768106168,-1.149523581024963,0.9284412114588877,-0.04432030295517058,0.1676053001532239,0.6362274870084869,-1.133741282242631,-0.2688958154587835,-0.3370110982392755,-1.0901402648748688
0.8310611145014304,0.6449020932786997,1.1471983944379838,1.4148663938142498,1.5485119416835478,0.9277985982419494,0.6109951660425466,-1.405244972691419,-0.40209992076239987,0.6530262836254641,-1.4884293991097675,0.6739325298455968,-1.0901402648748688
2.925982705441164,-1.3788000522888253,-0.7578589784746455,0.3238835871003938,1.0894606956024853,0.8390053364313685,-0.22011667418466116,-0.2135378588756573,-0.8431637523170724,-0.3146354463454857,0.3121165581266303,-0.5060564098385385,-1.0901402648748688
-0.47845551701494377,0.36132564759666036,-0.612327800654481,0.8671041207259501,1.7662525924146684,-1.4621030087380467,-1.8803384519233202,-0.04398554917779115,0.7756077631178439,-1.053142896863753,-0.5516042148250383,1.0392031259192098,-1.0901402648748688
-1.808470099243778,-1.2827567956709731,0.135620824290893,1.2299448790937837,0.29004927470114983,-1.2346238996553207,-0.8659878643146391,-0.12975256457391007,1.0618754775019807,0.3343931915069441,-0.41030173480679,0.30831727626007244,-1.0901402648748688
2.4370194213572756,-1.001645222610745,-0.16820266203499465,0.5719545231602573,-0.8947713059924133,-0.329841436331898,-0.40256369618465493,-0.03826474265070908,-0.1483313136571317,0.1113505560679642,0.22642005498921738,0.8903637138888766,-1.0901402648748688
1.5791290920240602,-0.41483102668478955,-0.7432965547913107,1.331959181404182,-0.47967930188260915,-0.573232987705437,0.6423431913059415,1.883194197434475,-1.0198102964559568,0.11152973011053176,0.0859037867153233,-0.663961248241674,-1.0901402648748688
2.122869237028775,2.2965651654695085,2.1130747169104183,0.5942896773467848,-1.2167129250713644,-0.19487828579117758,1.9586584260966184,1.038154685290565,-1.209239128121379,0.05585765619550077,0.2510657729338004,0.46587805133538884,-1.0901402648748688
4.04718571276998,0.6474117801949016,1.0727022239254933,-1.8660481274269336,-0.8969359716758531,1.153810333997593,-1.5111149954104774,-0.3429164917595598,3.22121573588721,1.9726435486026193,-0.0285057602039466,0.8380312967854325,-1.0901402648748688
-0.03709419912581903,-1.4297418158362478,-0.6412806507567768,1.7313841198995383,0.24517810765604003,0.7274797451109171,1.0486428453082235,0.40832245184034827,-0.09159912628635984,-0.24916384244768564,0.4487785047591395,0.2912638754156748,-1.0901402648748688
1.607844827443275,-1.4732474525055868,-0.36787855255845336,0.9141618111292416,-0.27933155989105773,-0.7213627953686841,-0.5339206643135204,-0.16430183391539777,-0.6451080058254992,0.5293703899635724,0.31016005414277764,0.7173863282401827,-1.0901402648748688
1.6632337389977538,1.1620604813671083,-0.5536892057768608,0.17284986730850996,-0.846380863481405,0.7072116572112708,-0.747414859643719,-0.1737385479102413,1.6965136592138799,1.460334670512799,-0.2541279821591389,0.23828000209386307,-1.0901402648748688
0.6454496632229095,-1.130100033491188,1.4809978553802963,-0.14724253767563997,0.7348170300046679,1.7632626294516682,-1.5461017417903977,-0.9323852818158921,0.6478673284211791,0.34499888735409784,0.8404904468086947,-0.8174956379932499,-1.0901402648748688
0.14222740811160217,-1.3577404999603426,0.08845675893871809,1.3056117890720882,0.8420334007477219,0.8308836783469536,1.041475059313565,1.5702260825911591,0.21006809958360256,0.434462429961262,0.49033521237104727,0.8353809320970065,-1.0901402648748688
-0.01974792358445145,0.02912608228584282,0.9338811293053734,0.4584086764961556,-0.6654703473269836,0.1941686178724473,-1.431869299629379,0.21898071366841249,-0.6915278043576645,0.7138072072251538,0.10305349595783041,-0.35426243282544295,-1.0901402648748688
2.4908993551321412,-1.5255520365079227,-0.2988105512318556,-0.16784126303834632,-0.2928299897775372,1.057199617724623,0.12525029229598234,-0.5144205878788136,-0.2102003840666305,-0.48295222897511014,0.07412983098846065,1.2051389346332122,-1.0901402648748688
-0.30197287558413166,-2.2841307480241912,0.1512236722530956,-0.301679519197313,-0.542027705553212,0.6052350934927142,0.18963197400401693,-0.5266167992926972,0.011168042069626866,0.5441523445883734,-1.1697972228461797,-0.9558770594235954,-1.0901402648748688
1.5596123596038733,0.6763054018141823,-1.8011873273663435,0.30793543111542643,-1.4519863172174623,-0.3675068729614689,0.9037127731476922,0.4537148718259472,-0.33655625606309447,0.950222243201142,0.2803343987755824,0.319199506405947,-1.0901402648748688
1.494241205181376,0.06051887869788951,0.9559220612175974,0.6885366801786016,0.6494693208820561,-2.0357667254950567,1.2029822551667553,-1.025884775466793,-0.31494460785138795,-0.09228317873700204,-0.17378342795366009,0.5173952424326248,-1.0901402648748688
1.9827694066892918,0.5401108065146509,-0.5052195500311828,0.24016811171665384,-1.6939665083213216,-1.11067408347641,2.298854447423348,-2.2661908482372186,-0.3128731540988989,0.9050768612797568,0.1113348792229258,-0.3731209732979253,-1.0901402648748688
1.0580553541342963,0.6976003376396784,-0.878199821016778,-1.2860037972741976,0.5633399949897242,1.5996424601771038,-0.7004686046707496,-0.16823935431372633,-1.3517098388399615,1.066831523803185,0.36568119779563746,-1.3908579708886306,-1.0901402648748688
2.731787764532036,0.9848339496977847,0.3437664856602012,2.979428975015973,0.9789132035282946,-0.3966106041036742,0.6020109081546591,-1.376136121270042,-0.35719684830257903,-0.19995415645757886,0.48896874378983524,0.15196468898111284,-1.0901402648748688
2.1970391106231943,-0.037256799931277035,0.12254793911775706,0.21205168597105464,-0.5498236603397304,0.2655481739332133,-1.3685617914790034,0.342403213274402,-0.11503567602629823,0.5223437147460075,-1.1938964302980424,0.21164536754508195,-1.0901402648748688
0.7836963721183694,-0.17130944048260444,0.9222220835102919,2.8731515505365963,0.7015028817594968,-1.0990682270668226,1.491548283368113,-0.8655883204786081,-0.0456919253648738,0.6588766776667403,0.5469993392871272,-0.36821371944885944,-1.0901402648748688
2.9443982006602973,2.3744690339565904,-1.5985325736796911,0.9302219956172938,-1.5953089714505897,1.3521943191248538,-1.1561927643866405,-1.623563497198704,1.7089982658245626,-0.1171810838739643,-0.31188363095896654,0.05175831282180305,-1.0901402648748688
3.966646721319497,-1.9986775299265622,0.5839431313456598,-2.3342259702206056,-1.2900842942364796,0.8884661490954908,0.5427307493178578,-0.04234141279157755,0.05130303970931773,-0.20235771826746396,-0.40590970675612664,0.4473593242711944,-1.0901402648748688
-0.012931383625337425,2.55597488332052,2.3539383596819974,0.17163055221886198,-0.28013952055173336,-0.494697090495765,-0.25446472099053113,-1.1286204859396032,-0.8422790181089262,-0.5444404885262459,-0.03990692792899911,0.8100069083233974,-1.0901402648748688
4.640523678841826,2.523514354981181,1.1137394232759992,-0.4891407163896349,-1.4712763244189926,-0.0010171629749986405,2.4268384240498975,-0.34829692435327503,1.9016850682727777,0.9865062470087717,0.16234627603004015,-0.7170422893262234,-1.0901402648748688
2.062035395916771,-2.2490372054424457,-0.3431573430947551,-0.19067677324096718,0.1071388547356875,0.6453622096289844,0.09994685615661773,-0.6822419946984677,-0.45969364641342136,-0.13902020929095016,0.24130416146176503,0.3979718799174077,-1.0901402648748688
3.1103981446176583,-1.3039463358090142,0.5296044400103729,-1.6394412621987273,-0.08370527624271719,0.7802816963752074,0.5773210867412272,1.3124164558725955,-0.6194431707741462,0.5033746409725318,-0.5863549370924456,1.0324861810264632,-1.0901402648748688
1.6605539658168398,-0.08458113498547157,-0.19412606962757187,0.2952852027336248,-0.1501337742031852,0.011452536958281091,-1.7542588654785116,-0.07412295482714021,-1.4578905713955952,0.40745194342150254,-0.6349495433677321,-0.9706234779555282,-1.0901402648748688
0.6232692175920898,-3.1835601279967234,0.10481675132208756,-0.409079897923502,-0.5792804111288632,0.036283854047852074,1.202113190544531,-0.20697342333299198,-0.03768997943458905,0.3192017454654007,0.2506759259115041,-0.848756717835593,-1.0901402648748688
-0.1674440673813883,1.8011947291983719,1.1915253470509581,0.3206979271486872,-2.1350661129793536,0.7271706521587504,-0.4229359966352991,1.4542897480512673,-0.890714804755587,-0.11541231894420133,0.039137752112526715,-0.8110601797955083,-1.0901402648748688
1.4511601861089103,-0.39724147988047376,-0.3251775389779178,-0.30387244559230625,-0.760332255957662,1.1411315138860973,0.21756500266254103,-0.04308665014308288,-2.1397322575066378,-0.9559634109243077,0.670294206471428,0.3788922815168575,-1.0901402648748688
-2.228987630492985,-0.9096915292911916,0.049910362835584345,-0.0751945547232468,0.4364491188424619,0.25505858454457464,-0.42923044251374204,-0.2653595750359387,-0.9586191646097254,-0.7538479961513607,0.0766782000105161,-0.3547948059939586,-1.0901402648748688
2.5072074367971684,1.7864923354152398,1.5240333906619707,1.884348539051102,0.5985463614548833,-0.01738281030648224,0.3909720773613766,-0.5816054795160776,0.6943749061045369,0.571884634270727,-1.0808554951109621,-1.6745306180821586,-1.0901402648748688
1.9079904092561544,-0.026798692269137336,-0.21890512579364987,1.2917325582165315,-1.2948188901887299,-0.2847692205994633,0.6680413126030167,1.0588175898313197,0.281299149796905,-0.15518362109127037,0.07903697453945378,-0.47911529058613567,-1.0901402648748688
3.3465556258621216,-0.9258709199635939,-0.42185208424938936,-1.1706595498174845,0.3177385208428017,-1.5766472787010437,-0.9122612282242845,0.018451883778149533,-0.7818381280562826,-0.37637403763455796,-0.15294859619891724,-0.1556979899631745,-1.0901402648748688
2.8687320001061445,1.0413099959459629,-0.6720776939177728,0.5560318540527145,0.9518812801758032,-0.18565260712661635,-2.2818541209198986,-0.4578849700991193,0.3256875402811962,-0.9853040913696014,-0.8199981263908662,-0.45537268958181837,-1.0901402648748688
0.22033717405880687,-1.0126452618925499,-0.686128486660358,1.30662010959703,-1.1619276222030552,0.9761398743916776,1.5750289270146947,0.37340714031853567,0.05904684341800772,-0.8670839703173246,0.03346166957371966,0.8222622433391893,-1.0901402648748688
-0.177586949181442,0.2108868960917555,-0.5385366844447901,2.7337821054783955,-0.16451327659484108,0.283063089220251,-1.1089083244302524,-0.18953237366598255,0.38861491995360825,0.18589061131296342,-0.568129957944681,0.1815912061371187,-1.0901402648748688
1.0966431232145244,0.4748502497691361,0.053293476792095174,1.5750411250888483,-0.8793754037043411,0.467423000915407,-1.0824768782753198,-0.20943543037441603,0.8880148355748853,0.1484585366926432,-0.9180133993630863,0.24604759701906637,-1.0901402648748688
1.345904737989202,0.9326598029272336,-1.1649889933174964,2.569750859792212,1.4786078740918376,-0.5792153120786326,-1.040336362991474,0.43158712025586615,0.1698628771605278,-1.1054591621245564,0.7421739791276165,1.5310717318921216,-1.0901402648748688
-0.5490165768729844,-1.7699063419786876,-0.6865235241922728,2.0237416137629873,-1.5100471682896215,-1.045560302672766,1.0329446465842473,0.11964816437331638,-0.09835500263657677,0.04816375982971744,0.485425122997666,-0.7933147495160315,-1.0901402648748688
2.9709813699350827,0.4562870279253029,0.47200796820048846,-0.6710703667140021,-0.2766394010125776,1.736507691547814,0.21283638101410637,1.2605572140291312,-1.118749357842565,-0.8682674245014842,0.8870146762044391,-0.028307967043920745,-1.0901402648748688
0.7622585693220789,0.8477399851269349,-1.3827074614441845,-0.9765750163631978,0.033698890439718375,0.1111671373967466,2.234824105086757,1.7911148110159154,0.6559643050685465,0.049987511760396036,0.14206784274727008,-0.296419825373685,-1.0901402648748688
1.3639347964151323,0.687182182907535,0.36165505744530463,-0.7424929203878163,1.214167287071595,-1.2807832654684672,-1.5343943113676677,0.8461116315024645,1.529255179698712,-0.8926689800365923,-0.8630206211340178,0.09364555125667927,-1.0901402648748688
2.7984843021096824,-0.8781740742839979,-0.6436062161998861,0.06530551267940991,0.37403023864739654,0.7479965202456801,0.8879726856528515,1.0836515087105112,-0.8228296172129761,-0.4088203968776002,-0.06986890756944626,-1.60679468237086,-1.0901402648748688
1.8867912113920882,-0.9721413142904061,0.009066061563603086,-1.290664490742958,1.1660234187157072,-2.367860566185016,-0.4487835135445086,1.0276080243221708,0.5354532963039741,-0.8677434717542464,0.3527205155054421,-0.1634125529097224,-1.0901402648748688
-0.29008181308151015,-0.8006622778697657,-0.14252485471111867,0.9520610970712514,-1.5733891118729866,-0.3860945980123498,-0.41792983135141404,-0.2978919400902335,-0.07237200960522634,0.5617278554733286,-1.291052217587324,-0.15066029174302334,-1.0901402648748688
2.326990006413129,1.0832486715792369,-2.4015799271929885,1.345629765294058,-1.6062542200187488,0.12008670027525133,0.18938681644429553,-1.5035836826637918,0.43472084888032275,-0.16830398883722886,0.8019061716960716,-0.16645048261874712,-1.0901402648748688
1.7140963511273661,0.8615353805686684,-0.06934954434820512,-0.3539636874258142,2.3697006377668215,-0.18581060300589805,0.05633434126126498,1.3143644422504472,0.8302980260966528,-2.1193374920040537,0.9724469716760699,-0.784152101811567,-1.0901402648748688
-0.6370638592591495,1.845979685289721,0.838183460553199,2.2412093194308285,-1.8882802259179141,0.9214839322093246,0.5265034192365824,2.090166974371303,1.5067352942500307,-0.12628932779308444,-0.4362552779267444,-0.32132336045388554,-1.0901402648748688
1.8072349603906945,1.1752646083478269,1.1024441709726134,0.8038144537597064,-0.05179891709388803,1.1018325957017618,-2.2942154003139263,0.033025362674375905,0.2145824791480596,0.1848384498212282,0.4865041113663087,0.10813675292362561,-1.0901402648748688
3.5614588848596163,-1.0833788263446518,-0.11774318455560609,0.3798215127003179,-0.1812649227445104,1.5016113327221847,0.030311784179339843,-0.9463251517727044,1.1978979322237904,-1.0888717161876198,0.7031391371834104,-0.51848784414681,-1.0901402648748688
1.9665647487241187,-0.30846706210906716,1.480084228164218,2.6264366415554314,1.068855364980863,-0.9574467103015105,0.8681136924181349,-1.8231506049589463,1.09815507612968,0.7142318175842165,0.9636862370323545,-1.3403047111912678,-1.0901402648748688
2.2555875113584105,1.9714144176656443,-0.27569457925497753,-0.37188513583438637,2.406250202208761,0.42393604313803246,0.5940212439346795,-1.9426159636857139,0.588179388643194,0.3611149085974689,-0.6638030228268172,-1.1095217377181292,-1.0901402648748688
2.0409528103409262,-0.5518721207269629,-1.2641905602280654,0.862173594903455,0.9903521635396573,-1.3484803255624063,-1.3128572789751385,-0.7375162779738588,-0.8278245258652394,-0.8329187562105662,0.3594609739010331,0.5669874357626327,-1.0901402648748688
-0.7347497947621113,1.7499093202680616,0.6049785057559346,0.11661173289694972,-0.4333295467966011,-0.2742520098817351,-0.7368121347492936,1.959440601626137,-1.2362473568194141,-0.8129423078763676,0.3670356710793276,-1.3196486073940938,-1.0901402648748688
1.671387894555631,-0.5200119273457593,-0.3753880568514638,2.31838524525782,-0.5811780668233903,-0.30987759211468957,0.020762045745432677,-0.39937721436434337,1.0452591150951884,-0.3001451022814533,0.8632069341797484,-1.4074022036827871,-1.0901402648748688
2.963111169499049,-0.9480619298507589,-0.06224608478205677,0.7607641993704742,-0.48399047648822313,-0.17461146878565667,-0.6822757791650886,-0.23408292358280025,0.3196531075466233,0.033055975009877676,0.5598862728771684,0.3018447088834035,-1.0901402648748688
1.4600730079944304,-1.4579713681804738,0.21693196595404332,0.27445743619081164,-0.8448685075289198,-0.9178165142389274,0.6206060401155704,1.3840053283425644,-0.2749075011030388,0.8229690639529968,0.09247718629214303,-0.5660638388106248,-1.0901402648748688
0.9071505836943702,0.3210868642397798,-1.3945610697583866,-1.2651018970718761,-0.015803569642905392,0.1678137820063566,1.5844773985402985,0.811893858460954,0.5474848008462931,0.04711244015448776,0.21767788508840086,0.9376185183733798,-1.0901402648748688
-0.14361866326101905,-1.8687024323490558,1.535121506265811,-1.051042523756467,-2.3872537015925652,1.2329662691392078,0.5109200326069,-1.1882980359545656,-0.06648845452201209,-0.7269318459926811,1.875977864448594,0.8651624245686684,-1.0901402648748688
2.1119234749234,1.9373063802742372,0.6880707617815984,0.5386733503515136,0.8274372258465845,1.0587517388501921,2.939199282012423,0.18827396672017138,1.16226773189591,1.3199220398720535,0.33851249363982094,0.6477911519394811,-1.0901402648748688
-1.3678747937539701,-1.1167220729136007,-0.4632733218473799,0.7297375893135639,1.2459468618232028,0.20096461122011838,-0.337883863382173,-0.1314224619076251,0.32685200585272733,-0.4449803085401998,-0.7836361815867601,0.21250814606959564,-1.0901402648748688
2.823088333147752,-1.6289981412952075,-0.748171209251907,0.31230538074629066,0.6620133632403153,0.7511343786451821,0.04533230819575105,-0.5076998193970305,-0.5291742919997805,-0.504306182887074,0.4014305935431907,-1.2198821500044141,-1.0901402648748688
1.0066151402397117,-0.25075163652754134,-1.7534153137297264,-0.39781149676609223,0.8687841582324128,0.329527515556417,0.1217801960754892,-1.4271336938051913,0.8550957279376399,-0.15695862183323495,0.9328173542501683,1.7127070092437526,-1.0901402648748688
1.1844408584373731,-1.6687184398437713,-0.5282065334487099,0.09043712491062307,1.0825136465970182,-2.0024424983301286,-0.533869170639732,0.38490892774678326,-0.7146157671653418,0.13848652413974388,0.3985780095928,-0.6133470839399535,-1.0901402648748688
0.624144493676202,-0.8651422796001587,-0.7672308138319408,1.0954459179309033,1.456673820722929,-1.523376397838753,-0.6030400398712582,1.0317068128776827,-0.7497024503583724,-0.05319353531437232,0.5187490792639826,0.9105323690277296,-1.0901402648748688
2.3158967894735993,0.6912870543127327,-1.7936349069971,-2.2275198816235915,-0.3965385308705074,1.866315343209872,2.8168753072112587,0.7093499415802431,0.8158805270762021,-1.544315174984535,-0.12109999440415828,-0.6908188394840058,-1.0901402648748688
-0.39247357075919276,-0.6114043374789132,1.3316789898404024,0.4988298073284225,1.7395476247316353,-0.549400029885357,-2.2666722214205217,0.23392842369282138,0.765192945674717,0.4126134415871561,1.3537588837781849,-1.0677446143166898,-1.0901402648748688
2.7850810037802294,-0.8242281290404893,-0.5093682648569773,0.07555947338507531,-0.01265738044379084,-1.1187910506859802,-0.8204206637094138,-0.6532914929276137,0.4717487808187744,-1.0794658741900718,0.5436306975993452,-0.16611794215285489,-1.0901402648748688
3.1920681486473432,-0.2650388293195483,0.7931583865309597,-0.06423980726979812,-0.5083809385007467,-1.559076359101993,1.409833941388552,-1.090198120030933,-1.8285326082553974,0.646219620815691,-0.878671677764887,-0.7447878283040438,-1.0901402648748688
-0.561578702187756,-1.168360244275553,-0.2795506869677932,1.3192909148618956,-0.7870551368183692,-0.43107874951637604,-0.5027834260592783,0.21314374109863826,-0.30239059329495765,0.7324190062676277,-0.8875722301633785,-0.49150090873625524,-1.0901402648748688
0.5019023836740769,0.5789228128380661,1.3717684838534483,-1.2347132931534268,0.44648217987752004,1.4450185660673411,-1.5194252254258822,-0.30201609437286614,0.09412156074419159,-1.1697787078118576,0.7359338454871448,0.055222035708873685,-1.0901402648748688
1.547178945459765,-0.7542082555700109,-0.8801496108909498,-1.4174588325037323,1.8454870989697898,-0.06681041396483829,-0.8108276719028231,0.819718707375018,-1.839707066029008,-0.2814411672146692,-1.697161164633998,-1.0858377504131105,-1.0901402648748688
-0.8076253235613033,-1.4598355427384921,-0.5782074895326524,1.3554356090024735,1.0392510777967194,1.0176593436771166,-0.6896403914251971,-0.3948667121284443,-0.6223959201196875,0.47860519485163355,-0.8136757447273986,0.5720553420143331,-1.0901402648748688
1.27264170907081,-1.513981788785156,-0.846784721349877,0.289846531895545,0.022083676544864393,-1.8264856880496096,-0.34505774267373873,-0.5614683337246202,-0.35415472204173243,-0.6515083104825521,0.3599392314333976,-0.7474466281708577,-1.0901402648748688
-0.4037273520694483,-1.1520375324523848,0.25111545158644805,1.4214682992454197,0.7219338260479282,1.4727785811758378,-0.41732061105199375,-0.09943514441108796,1.0527735790578363,0.37167850786321655,-0.4177054936480321,0.2798314298270775,-1.0901402648748688
1.8627693561346763,-0.7868596485110734,0.25077505529760125,-0.5087968226174324,0.5000164802317125,1.2975727348440917,-0.28868941389111274,0.832610661196952,-0.07811116546770193,0.4018939712039471,-1.2270229931919547,-1.0794664708237178,-1.0901402648748688
-0.740512512083373,-0.600469317884028,-0.3102149378937956,0.7290285244178124,0.14602983839047595,1.2243599038916313,-0.13971575422224325,0.47329093630108765,-1.261579459410963,0.03773145357563546,-0.7015929082655314,-0.2321615723938956,-1.0901402648748688
-0.2950376519585899,2.8561059142138885,-0.2430784974876743,1.4276502092733319,1.047916719275291,-0.8356118395579465,0.5314563640871232,-1.4415677920998335,0.17745193732209802,0.5778611868878007,0.04551195949476021,-0.47459915209999237,-1.0901402648748688
2.6229443992958483,-1.0485483577800805,0.6276082683845514,-0.9575418209711432,0.20251633581562836,-1.1402640077012078,-0.4680632163487197,1.0828839643230557,0.7548353256428452,-0.032526346368867365,0.36376356923770303,0.9508906133926714,-1.0901402648748688
0.7324662788714198,-1.0279220748381077,-1.0681180796619723,-1.1850101363203085,-0.16290372953823573,-1.1654300553164127,1.285896203365744,-0.22161080425073115,0.3574830633852277,-2.6217552484115765,-0.23955699602496452,-0.9110403295023273,-1.0901402648748688
-0.25322317309120057,-0.18775904207797614,0.9551413254446938,-1.5841501396191484,2.0496373979585525,-2.643877199941925,2.323521987572081,-0.6409681723405724,0.5327933675423108,-1.9474955974949428,-0.5528593528596509,1.016882909807833,-1.0901402648748688
0.18908412579590905,0.9747226244328672,2.035743745690397,-1.702789226087153,1.873390267419343,-0.5910198155963567,0.2324651247444481,-1.24895498498016,-0.3831558427207219,-1.178753201922492,-0.5175931523093165,0.18365686815131177,-1.0901402648748688
-1.687206225256878,-1.070566650343708,0.34934406044826205,1.1702599109479497,-0.8574626873185247,1.103478970634058,1.240209793188482,0.9578950461023773,1.0593340880438862,0.2898293011554925,-1.0023968480809833,-0.4887603318510028,-1.0901402648748688
1.6359375743204723,-0.8173663498679935,0.05649326845255955,1.2774661858773375,-0.06163411599320192,-0.26224441939897825,-0.006864326722926805,1.4554689874115672,0.06499878300077773,0.5264696797757114,0.5724526026631067,0.7272882541970074,-1.0901402648748688
2.2982407139858227,-1.2198835218268151,-0.5981784905879894,0.7372872793953967,-0.2795076205464162,0.9307233422154062,0.7199512505916004,-0.5043016167687225,0.33611767327859804,-0.9082789469342335,0.3878164338294664,-1.395123237007712,-1.0901402648748688
-1.201848345835272,0.5150870975025396,1.2850871874716385,0.01545371173853675,1.135481187021039,1.334617369950787,-1.1517474287378933,0.47089393256196554,0.18590447114894287,-0.8311951606912401,1.1208079513015112,0.15636803291637247,-1.0901402648748688
-0.8454545265111751,0.8907902524741471,0.48699178746646743,1.049384746334184,0.004460984011736134,-0.43480940601604756,-0.5586040615834782,1.5331524049141192,0.7371429697654033,-0.2789236907474903,-0.2758016399012053,-0.11766166690621528,-1.0901402648748688
2.141456531061669,-1.3901760688419316,-1.0686993849566462,0.4378817514317408,-0.7145085361077659,0.9560519851443754,0.1699288421468842,-1.420191443251982,-0.6280733019530675,-1.0851554835632278,-0.019572564422624276,0.7765525007670337,-1.0901402648748688
1.4104224345652394,-1.5602418621416854,-1.2091374337108147,-1.3803229574105054,1.0108290519415155,2.0787321402489116,1.595517730692681,-0.29511631150440304,0.24230047069136806,0.807584513165858,0.6703474125070379,0.19581453864449727,-1.0901402648748688
-0.3924391323433626,-0.3224162814002325,0.21330106606338267,1.2278453968504457,0.7258684731625875,1.4683197753872081,0.19707968905789897,1.4901344758968504,0.4137837094570375,0.5397926470396877,-0.9440415136520446,0.24725371261984952,-1.0901402648748688
2.2063758364971258,-0.5128733656828223,-0.4206694294722694,-2.2175409587225916,1.4139838913367093,1.5421024649835409,-1.0515283705094627,-2.675071408833435,1.7086083379119825,-3.016119981436583,-1.19135756052698,0.35600640610073725,-1.0901402648748688
2.2524243694212442,2.2656754632710787,0.7100268444241016,-0.9120013083189116,0.9720112129959517,-1.9706753158429025,1.8565542607214862,-0.2155355087390271,2.2666835665405665,-0.04465249719570814,0.6172604452816187,0.45751832635601475,-1.0901402648748688
0.39656182834009707,0.8299454544736287,1.190982911800328,-0.09213170867551985,-0.9997871635659702,0.4199091667861458,-0.9371869919183425,1.6428855437708556,-0.9161971871565778,0.7882967881868422,-0.39607015384511113,0.24773095492678315,-1.0901402648748688
0.9390367829046924,-2.4309318304006946,0.45825712386698375,-2.857202129454192,0.1746391928517005,-1.4237500962337575,0.667321201138842,-0.38192571654200014,1.0738130120868512,-1.2334338207438782,-0.15099855141846033,0.5641860772093696,-1.0901402648748688
2.5991194708939735,-0.8367710080084955,0.6159398342608656,0.9968221283338374,-0.007861743725923426,0.2273713437991712,-0.5800366863364779,0.9939441700022774,1.0728579477470395,0.42724439220823757,0.945652819045613,1.4661069231653665,-1.0901402648748688
0.3861258040387421,-0.6075684630529927,-1.5914903778455773,-1.293801265159988,1.2089029680968482,-0.40021378489602977,1.0526935048438153,0.6776776471045074,-0.41016222389899215,0.8049142559745612,0.3694763879619389,0.6930393176432545,-1.0901402648748688
1.920515752163684,1.4767322146931783,1.8817280786230786,-0.6940793182270436,2.6214022099155536,-2.1761082014862416,0.2589902710785277,0.8162175701183808,0.8421069247661181,-0.017384852837016473,-1.22974346630111,-1.6887746784684816,-1.0901402648748688
1.112720211550166,-0.5506077986699983,-1.6374271320316456,-0.5763381134956291,0.1030738342966697,0.5132294446547815,1.5544128259329497,0.7275687504907127,-0.6322630874020035,1.197475753356042,0.32671237308913653,-0.4697782014542395,-1.0901402648748688
-0.7276072193024394,-1.0551029641852456,0.6992883983712849,-0.8201358053928081,-0.8880403982342394,1.2250683257858959,-0.7735101647021666,-0.9815074637539501,-1.7815724180778008,-0.19996403284006947,0.34552551399854486,-1.166189844977837,-1.0901402648748688
2.4831851975734085,0.5040009284167062,2.1585607150803776,0.01221868332078616,1.3555719365644607,1.3391902638398387,0.4972171406781192,-0.7095307650406778,0.46618873575897174,0.8349689192595113,-1.3789412790039839,0.9154370123170711,-1.0901402648748688
1.7620617475810323,-2.3336974734814926,0.4959439784924308,-0.4665237192683393,1.2015479649219378,0.4408496232485131,0.4303304831068377,1.187793743394322,-0.2525017033398743,0.9733834315662877,0.35455282806904115,-0.07757622528466712,-1.0901402648748688
-0.8609150346715306,1.062696006428789,-0.6481765452095544,-0.31633178838296794,-0.22422626465902376,-0.6500647043029015,-0.7226785798575747,-0.18018829237338582,0.8259069867760284,1.0290348882189138,0.08992135898512021,0.34990668596553803,-1.0901402648748688
