PC1,PC2,PC3,PC4,PC5,PC6,PC7,PC8,PC9,PC10,PC11,PC12,PC13
0.05173910760826252,2.624022040350804,0.9900538655467637,-3.479327552972592,-0.36277276086528976,-1.6958364513132307,-0.13570610742707778,-0.7397753933914445,-0.5360368666350044,-0.9676743273900352,-0.5303787981959228,0.4691276888561331,-0.41263075998780635
0.81744059381244,-0.730374576464501,-0.23592842294451918,-2.767545446282356,-2.2584040069511415,0.8084140798785466,-0.10444525487720341,-1.503699687441341,1.2900944559647805,-1.1113701619946472,-0.3423661991169268,0.4697769810324405,-0.23865428384855478
2.0575993225549127,-0.039098446311255385,-0.5198386535344337,-0.08119845108795588,-0.8604157802619945,-0.7527825927542579,-0.13391504763811213,0.09534266163044684,1.2799452086259753,1.189688145981291,0.3680361523395267,0.1575615339167719,1.1037727873224512
1.9030431846461966,-0.5967008772452735,0.07620366913624749,0.08262384588343223,0.2351410730817244,0.5002923385343652,-0.13687844025137968,0.17177311848571275,-0.16465168848204817,-0.7029234660714042,-0.6095325370019112,1.1527723764810174,0.14785689529310048
0.7683706199246919,0.4125454959715788,-2.1874550612847776,1.9885099278287313,-0.017447753719238707,0.07421933096431524,1.4335444957284595,-0.6159005350019675,-0.21996545351486607,-0.8715287764318996,0.5259892261167056,0.969506359791207,0.07650368097888022
1.000639856772277,-0.2336924136811869,-0.8038769195517206,-1.3111507098805606,1.1473211755587136,-0.6974667557023307,0.08263052840259862,1.1543916720457799,0.6361062795918964,-0.892922095663508,-1.4461226005558454,0.361365593953669,-0.6696129243131904
0.5913504713872829,1.6379495862731284,-1.3640921471834808,-0.019153840471230144,-1.1266033954576489,-0.47674861963296244,-0.3770325041881026,-0.0914768046676253,0.31222780938575306,0.40956437293779246,-0.3079905780192012,-0.010532383794565274,-0.004592429426808641
2.0019549936142047,-1.3296437523489004,0.46750544704724534,0.8738990979274069,-0.6480145100982801,1.0598621816301745,0.3542962129985342,-0.2766669008044583,-0.5061742983666591,-0.030704882019747158,-0.42745362166061496,-0.06282635488672572,0.046152399918162154
1.2361231457976978,1.0680557067220857,2.592751367480732,-0.9971850049542432,0.007555461198866472,1.0765956376163597,2.207215969664505,0.9118589824632908,-0.5268210645085456,0.6136955524126209,-0.4573379645263852,-0.3033228763446442,0.5865515000365216
1.690869315622218,0.018412193320609414,0.7599047853926346,-1.3781849847447565,0.10075924058626273,0.9781656090083541,0.02159034713926688,1.570009723302139,0.32431327544653715,-0.3802366481564926,-0.030237035276870085,1.0020984695837811,0.5525141728239886
1.1028801991203874,-0.4164131230844681,-0.15394893361608888,0.13536835601007038,0.25782336445948767,0.4549262974933441,0.3855580399869909,0.8741930958305693,0.3773747993668469,-0.6392684734315804,-1.1393370940457337,0.6980295218509989,0.67812947826991
2.0686746201376423,0.6264203867474641,-1.279622126007749,0.13937647625191799,0.26051369947659336,0.5970607868525724,0.2896156217505364,-0.07046264128718292,-0.29817908035684215,-0.07492305029971492,0.4490860240982283,-1.0852045268981074,0.6502904245408724
1.9131175263464684,-0.48244430513580294,0.0701313713597645,0.30050507207096233,-0.15300491161024357,0.49890789995938134,0.23769320210553016,0.17887746895666073,0.1057742649910949,-1.0113574851707274,-0.5958141135760736,0.30291303112124174,0.29511472218037166
0.018854475994728642,-0.052764554817421615,-0.2342131627257006,-1.5286812972526318,-0.514246890657753,-1.0709827912835657,-1.0653874740140674,0.15092875570693007,-1.7998986492409315,-0.570782866492063,1.753159049163513,1.2528668788976693,-0.24656552469153883
1.623808110092281,3.220976621035633,0.9770978076181669,-0.389744741465595,-0.42219032257499395,-0.5911480334652471,0.9320469082667023,-0.5149358072580976,-0.5684948413605256,0.455679819877561,0.5126254839465986,-0.09069320025979383,0.9941768273982277
1.5254413147579289,0.17652904060859895,-1.4155471777328932,-1.496669164208773,-0.1836931720084284,0.6195426275012187,-0.15114137597836022,-0.7180944930985447,0.19805813049666549,0.4635630133010127,0.3138258325605163,0.08301714763480722,0.030331367898450604
2.349550975969041,1.3068129205910188,-1.292901638569629,1.1499370469794084,-0.12048494978822613,0.9114158230740084,0.08535176829311443,-0.7676942217384164,-0.5698631011514992,-0.6790980630471508,0.17505997979192017,0.15651945540954443,-0.12642965050659724
-0.4743121095229247,2.1201603177921475,-1.9057896640741492,-3.203686320282466,-0.15278077260177073,1.1708633199959397,-0.5526498840351903,0.3295815585101029,-0.7393474189251896,0.18175947651493904,0.2979872811095744,-0.4835072123631912,-0.20648893922623943
1.393133529896129,-0.6414798810298954,0.11860104714656877,0.04744160250107708,-0.4903770570392894,0.5248108117622619,0.8592314016262124,0.7430704777129726,1.2752565834850267,-0.7943994254652753,-1.025470211559471,0.2832748814936363,0.9070142913056098
0.8963942281614035,2.136806462378313,-0.3597646107411946,-0.5473195670680228,1.2662928143258116,1.7622990696160337,-1.032574113431576,0.23453386767963014,0.1067540679467545,-0.04771333493797859,1.4240063257695017,0.585351346324187,0.567282123045153
0.3599609134558984,-0.5983884965170531,-0.0889703751168261,-0.04609352297828916,-0.3015465985485434,1.0836709109474427,0.26683097584626264,0.48184001460169573,-0.5462261521328542,0.44988548460125194,-1.3928508637325396,0.646054301365609,-0.8581658510464272
1.854729378589364,-1.1395073935965043,0.2910414473091033,-0.10627802894824535,-0.4250030620942898,0.0632385261372869,1.144245850208411,0.4420470038320468,-0.02067335071402363,-1.2341124815435671,1.433308351849984,0.5272121833415859,-0.17075997788344463
2.1333964828151295,-1.123819287029431,0.2821412188818416,0.4021028874771422,-0.06305600815228243,0.181521021893241,0.8505197976173537,0.7268973009977977,1.0178068780118532,-0.4449832041563662,-0.9846743990739941,0.08692317451900614,0.02944225015232088
-0.34986729336685907,1.2122888068861786,0.8187821401295592,-1.6639558369833587,0.5899168243898046,-0.4224138919537233,2.2440007010927077,0.02982147561376956,-1.3907210769135026,-0.9049387132174811,0.4567115644582147,0.31212503893407834,-0.2895414892620887
1.5104551589325774,-1.3503092453759937,1.0798640862622215,-0.8280164109525228,-1.3636773812174539,1.1960279038751624,1.197151128290215,0.6348315782168273,-0.2666636692551739,-0.3205919213935415,2.1553204821633285,0.30660658217332526,0.41039304399780674
0.6497452633202191,2.6265789532531594,-0.5730284247081373,1.227666406419589,1.1846014775631373,1.5907128867272637,-0.038255408071118935,0.7896994469916346,0.7866416105596353,-0.2708172390406578,0.130832399081795,0.5153948256932939,-0.32685866369143873
1.135196690599929,1.2838165348737847,1.7088567762933493,-1.4696019521529968,0.7843976423736848,0.2897533148288133,1.3966999029639444,0.18125577929153291,-0.610690194182921,-0.39082867454046966,-0.5697990824575178,0.6225333877193718,1.1220231710927229
1.684841323194482,-1.2577886252945973,-0.19465401726922066,-1.1110714570591969,1.215506504456179,0.0712238226196755,-0.6846218822513473,0.43165452207677607,-1.262149552538717,-0.18973088171349206,0.16723259443754268,-0.45360841449629713,0.9162116902578424
0.7341500728304601,4.068185524254688,0.37840288331890604,1.6239386417882584,-0.2194543718960901,-0.40477561544574975,0.6002594381272028,-1.7754542325094862,-0.8026492235726927,-0.6031088693423343,-0.005015684566315495,-0.0011610801491714832,0.7399577449988058
0.2745364102531662,0.9051407004610654,1.300323895201695,-2.714523925450524,-0.5063586368784847,-1.588759815956639,0.23535796502441966,-1.1360461068666008,-0.7340336120844806,0.5626175737209822,-0.7437363033937621,0.024630873989591552,-0.8045817399575519
2.61817563874141,-1.059930724745215,-0.8109808328681688,0.2388142172352195,0.980853993956335,0.19462450888093855,-0.059380254972302524,-0.9075656782388833,0.8904412882295815,0.9210927104283051,0.5661300673873706,-0.17180555485436802,0.1474560524851136
0.6441165797186366,-1.143805828417657,-0.024167483847409823,0.23856181259184156,1.1305314115232603,0.8691634890156241,-0.19789810446393874,1.105415406605313,-1.3915857156118563,0.9983247295322133,-1.0453530561256552,0.9536265446086485,0.2939545044820444
2.3875326278067885,-0.6625524382170526,0.9023983584813833,0.4491016860390399,-0.8971746117264188,-0.9347781167678321,-0.31301036974104374,0.5640477484162061,0.6295529587433566,0.0033992092355090383,-0.2662117926565833,0.3958556567971836,-0.032049953807892176
0.26911777877299287,0.5699035868529776,0.006417783470787006,-1.0765426903950683,-0.9668918252736918,-0.6920188174923755,-1.5103329135296129,-0.743310657028565,-0.32480740528146346,-0.4956869413349833,-0.1339844381864098,-0.4274677929984299,-1.6629943716995554
0.3491018369981432,-0.2766272181280824,0.4502714072315947,-0.6608598654606717,0.048024555902331345,-0.9816876489912423,-0.7452093630900678,0.6418105163503746,-0.9777602364309866,-0.6861139471985582,2.505834403641356,-0.18961669800742023,0.9831027527558593
0.16509138095245324,0.2746071020158133,-1.1431499807138212,-2.2099119445376667,-1.5151268623377039,-1.1896589206462391,0.4757201109414642,0.2429957448826528,0.7496451823560467,1.056999985565298,1.6955547199127596,0.0702930853272036,-1.2480824655321454
2.2185985728649937,2.101398595358242,0.32552892893412355,0.23327381606678826,0.4854539005483434,0.21575562374637844,1.8639759380453909,-1.3131031324695077,-0.4954223594621111,0.016719323263729623,-0.17339360985712285,-0.14732560292066746,0.3217206084350612
0.9392836198733542,0.4081786461162873,1.2343082593995143,-0.07201542215560869,-1.5797422989230414,0.5606141798746016,-0.5107301650111364,1.180223316422255,-0.4126130250857232,0.41190219047016835,0.16508810428103368,0.38750251464008717,0.899172977999464
1.3456282300842504,2.064273085915439,-1.040683959340394,-0.06514263888280482,0.35007428034226334,1.2182283608351276,0.3202463822326013,1.1577284476898093,-0.27412163407971785,-0.14325947966875807,0.15465475244427762,0.032188702799417525,0.4620392303805934
0.9762892604802493,3.228180520241927,-0.8799891982270561,1.18375832653477,-1.0671162988919523,0.19495823476122762,-0.23350854330095291,0.8383953913664116,-0.34266681830291185,-0.5151446373356625,0.15140808392294514,-0.20006355201109668,0.58649383536309
1.0056513182820854,1.7821739491682638,-0.6826273586284991,0.587401177465568,-0.604685682033494,-0.08291741285221887,-0.7531573065278371,-0.1779276094739833,0.40544991934905894,0.003153704674720865,0.877210539605155,-0.6713181083074179,1.245724350555313
1.5081485514860533,-0.21655944196150592,0.3549197365701189,-0.18289240824062483,-1.250892859911648,-0.9399251233945878,-0.5273211852088714,0.07684362683767704,0.3490671395394343,-0.16520291036183934,-0.6302148751686544,0.26695397324566983,-0.9204842809184589
-0.5112280399680784,-1.9098571231189705,-0.8585096154603151,-0.9244979906059853,-0.9248736542000593,-1.7828400271188802,-0.1875355386426988,-0.631783576290742,0.11917098328681706,-0.10598527269899786,0.5159044719914276,1.372377446749423,0.8055112854864372
0.6733815986531877,0.7505340837119221,-1.619609120215444,0.3143932735553263,-0.44572675198694184,-1.0615935242981158,-0.26276359722464526,-0.047444660516914226,0.2901262753664266,0.9900173687735963,-0.7130227540508575,-0.2965206317808227,-0.252946826843431
2.4319922118961825,0.3133447376515454,0.8471676786602282,0.9643773400085757,-1.8766664373305704,-0.5368592139981448,-0.1413207054203117,0.01686056088867875,0.38353260106683906,-1.1959580647574626,0.10108103837917044,-0.6789507412615781,0.16124431561780211
1.9517555389688266,-0.1883514043241664,-0.22942345777128267,1.0876148090616942,-0.2392913606858915,0.5014086848586591,0.08255636656132707,-0.45060254343574985,-0.4249355295062232,-1.5168344221619026,-0.7383331198570869,0.3141260997359319,0.025939589957430342
2.4131283294380497,-0.03783988319165501,1.087231620114076,0.143456091900975,-1.1451539718441222,-0.6498484857033321,-0.35632791814188186,0.7899758154013529,0.34607939850536945,-0.3550238338607171,0.20042453085510642,-0.18216761247232757,0.06099637813367325
1.9221419722075965,0.2135992846087758,0.6849149526543858,0.2594535462424558,-0.8205407960430048,-0.7142989399679198,-0.541990358882623,0.7844106229391364,-0.28617685189553227,-0.5364187691403111,0.1373647186351557,-0.6333756702034017,0.3545988219200021
2.24492991651974,1.4443275989009337,-1.80070509087265,-0.8725325613702006,1.546812291531826,-2.5402555069733745,-0.9964313354088201,0.942461008058645,0.28936059579142714,-0.6734175850734329,0.5466173898128965,-1.104731058100278,0.9430356298205738
1.5885494718109712,0.670203812430307,-0.876275771934015,1.0088762644535278,-0.10111307338515932,-0.90678160222081,0.05703282764943081,0.8364482434012132,0.6778324888470932,1.181051618303815,-0.43286772547140373,0.13324267459951888,0.3078381458104937
1.8698553419066453,1.0537929998469995,-0.7547775869405495,0.29618036825042193,-0.4818363755270915,-0.5739499149514593,-0.5406104093298316,0.22750641521115106,-0.1463708147021627,0.6099318045062501,0.6361840294289483,-0.48815381645603867,0.7409739762514724
0.19160901973884792,0.556030502430742,-0.6655932535930983,0.704505111640444,-0.36867980696001673,-0.9981324773513872,-1.0130366401505182,0.004497145844548172,-0.9270068743065177,-0.4808609461650239,-1.4673403374401168,0.8356734982788601,-0.7293710516376921
-0.5674315939626676,0.22509117958396335,0.9042819150066004,-0.6954899901830105,0.76429557866887,2.084637212137825,-1.489745707408185,-0.5650565314374232,-0.1263471969542051,0.06973401783686764,0.6921046905770446,0.3199914760178699,-0.4675678587221637
2.524888023193683,-0.9868502373474776,-0.9600350794535294,-1.8336133883313273,0.20128839445473376,0.1997231052489505,-0.1423911887628482,-0.6694248960419932,0.5244364508285287,1.3195778131217806,0.5498594033498183,0.1975984057381268,-0.6361410785910357
2.0268630723848062,1.7277292096191934,-0.46542856289828893,0.6057668804747841,-0.32115611629292506,-0.3125682337505721,-0.5956538131063109,0.7105059187408506,-0.2651358370771537,0.6597895451173599,0.42754645573910277,0.5537681993194656,-0.11825009948941277
1.3829011262364304,-0.5879126100319945,0.45154243660361976,-0.285011555551437,0.8730893608534521,0.5851904769806942,-0.22369030039827775,0.6624813446818768,0.4521728055279626,-0.39026219514201016,-0.16582574264062114,0.3058893291790067,0.37048317176283885
2.0389680555073655,-0.9076567829872834,0.5274884266577063,0.9054614116043266,-0.5122247218442403,-1.159218990596093,-0.350251285304881,0.4387977077576573,0.5602063966115445,0.18351292076990747,-0.8260527624027085,0.8818254655231675,-0.059911163795317204
2.098177701458179,-0.9683559053803502,0.3256931874127431,1.2878789911191708,-0.760925295772848,-1.2029854082970763,-0.3742753500038917,-0.15551409343324882,0.4426396880462553,-0.16322635993846243,-0.8375625101814826,0.6546360933269589,0.032358761538986806
3.143124449248807,-1.1928434535329393,1.2466553484591496,-0.7393672217266469,-0.9895195716979839,-0.9629034651068994,-0.8169764407776756,0.1212837752602655,0.0809107342825688,0.054383261088412425,1.0353225115746894,-0.7015813229230384,0.3351693572790863
1.1654949523753904,1.1831458929286747,-0.9736954826541296,1.9515421499195962,0.14975451447618673,-0.6484769406432087,-0.4841993966716973,-0.14274080054934793,0.5389177520647838,0.5541308173124829,-0.2566971132177329,0.18915718362541364,0.12464539965702205
0.9119433454900115,2.5329015130058132,0.26954103660041195,0.4315708205348714,1.8006483848238473,-1.1995796965196652,-0.28876381136400553,-1.2563338718630763,-1.8766245700384283,1.068333703088414,0.292778107622115,0.2399449292069671,0.5565968019295966
1.4684801184604526,-0.8223428486963392,-0.10205032717219772,1.3673313087506052,-0.22763315813999366,1.0751934397065945,-0.1318527892296421,-0.6475689115880043,-1.5807445650452014,-0.4119536953062582,-0.6159011340529161,0.10962491987116138,0.1010213385975868
2.723372844643166,0.09456205203580202,0.5742044991601571,-1.6745772595904942,-0.47626897333850593,-1.5349090981642342,-1.3898366005577494,0.1551153062523764,0.17969398871051934,-0.7719060514508249,0.41114903582868273,0.6204985249295634,-1.300666261976562
1.6089339713265614,-0.8164500511899414,-0.7169164606995162,-1.6227909262325428,0.7480750274535775,-0.9032368819688268,0.14428965414761283,0.5662686432082628,0.5615740988474979,-1.1261045952574322,-0.7014277977121754,-1.2734772199146944,-0.32625548825314327
1.6745567614229897,1.3441660661802024,2.208498891490972,-0.5183670198249584,0.33860210565439675,-1.296082433800281,0.670853152517916,0.21514985682163032,-0.9093051365773146,0.30269201249070854,-0.37908290781267684,0.3838433825883398,0.32834642254729374
2.3027151370645753,-0.943383435813497,-0.8016613485916184,-0.3121829113015196,-0.24837649410718535,0.3390123877503939,1.142269506593614,0.1645639953429593,2.213160524538459,0.9974564174903247,-0.2469347639556174,0.21052295447093475,0.9517257749287463
0.5696384425122702,-1.546623291624133,-0.8634261181154793,-1.27301416162239,0.13853030733728303,-0.3472536774661766,0.088980936562928,-0.6652841933833721,-1.2898094683177037,-0.9604250466663438,1.2192488792582343,0.557353472698795,-0.38989397468204395
1.666361256473072,0.4111194751395434,-0.8762774296161371,-0.2938603107195623,-1.1789621404998896,-0.8382820815553156,-0.2016847262449312,-0.321073655101806,0.9913576840793809,1.051253800022088,-0.03730999924153928,-0.04317887221077792,-0.4749018194788914
2.394661206920251,-1.3134027095311298,0.18820668039699667,0.04837553010678956,0.2134687061739132,0.1396439512166527,0.1790482397447273,0.13181876917530372,0.1160742097288754,-0.48654719761246196,-0.41940257498902744,0.049580915134024885,0.09004107005315591
1.7601076447360902,0.17703099368809472,-1.3659804595929141,0.5547706088517416,1.2220642004590712,0.31306925472028346,0.31939586638140005,0.5822349976050099,0.11429771261178624,0.9446393853306316,-0.6687782663805985,0.9436042767782163,-0.07227798253157165
0.7107776398537298,-0.13222545570663327,0.36552630593995517,-0.18800748886977328,-1.3063953464882128,-0.07180164151680923,-1.092424489202591,-0.1666307565173007,-1.5324757280775854,0.4623190309282163,-0.08517344724231865,-0.31473222067379686,-0.48574414211667477
1.0789438302811287,-1.979074698747935,0.2823446761754487,0.6340749979197119,0.5430704560987606,0.5736099464590512,0.03101824003793989,-0.6833351088364885,-1.6577127588505318,-0.1116586412543454,1.8741535294857095,0.5199698223369182,-0.29812684521035077
3.058739189078101,-1.5036330046254986,1.22917233808083,0.2691275385096838,-1.5088700937814348,-1.098333999490847,0.08868119598171849,0.1747663743696498,1.5598486878182511,0.12300999202376786,-0.03117173241398328,-0.087410379534132,0.07769929898836175
1.0182671000568795,-0.4714438137641166,0.3129576924598402,1.4331216517094354,-0.9284487061120601,-1.359188342660393,0.932551108949402,1.088071468083792,0.4601389989873401,-0.6237863624231184,0.3861591632344781,1.2263345363911793,-0.43981571192028407
2.2741362034691783,-0.1898641447100288,-1.13141882441452,-1.1317184875253925,-0.20211168293227913,0.3616400291930456,0.2124845258323402,-0.6115170260009725,0.41806150689048815,0.6137144729921621,0.3802914007003486,-0.6163053280942656,-0.6692177784803203
0.8361354996188263,1.1585065926475937,-1.173952249770463,-0.42156717547510697,-0.9680956660383324,-0.5724773166828018,-0.46737030687492115,-0.036173731265719454,0.5224175479172595,0.837202272211987,-0.19618531132452507,0.349638509305971,-0.05633899729254126
0.6576818768313724,0.9748067721760402,1.4810080311817353,-1.727500146526633,-0.877023699978539,-1.2204006362665714,0.2723581733463004,-1.5657175548470488,-0.46308728288966006,-0.0854517188302024,-0.509834359413446,0.712951290160569,0.7198516176702505
0.9925784345076613,-0.501041115157929,-0.029598902211373342,0.24640011600141115,0.5024881993241619,0.019354875879927163,1.148520292675759,1.493360962678841,-0.47600600100813584,-0.9159073129439353,0.6940153439784578,1.0319622588873696,-0.46819976093524857
2.2054946279703174,0.036551124577276155,1.752295964370153,-0.44939172324167076,0.9440310192671414,-0.3328700738953095,1.6273046746136808,-0.5670816635936644,-0.2514638071604959,0.024027325859600348,-0.9744203965752019,0.8505224258357518,0.05969889781395004
0.08973761915859432,-0.8743230446099218,0.03432717999128774,-0.0699579020325623,-1.1242663613577188,-0.6462272353927946,-0.49564276122883755,-0.28972248066942397,-2.022538505915006,0.2983838717461689,1.3173789794790953,0.8882996637725753,-0.8807838928876427
2.903252843246091,-1.196217897380649,0.3405541067947476,0.04488679365543723,-0.27055386300943496,0.3160588907098335,-0.043013749349741545,-0.5472053255156804,-0.1344362498707512,-0.9386211203810205,0.10043555117397614,-0.1149077040781376,0.012046536695077756
1.9293354889374938,-0.04499394878903292,0.35100553216151953,1.243092623330607,-1.1409754034837436,-0.8608013518733141,-0.3582502715699592,-0.01700941039239086,0.019030288552885712,-0.835771650723096,-0.4372717362139422,-0.22472057858633318,0.23464961516411992
2.03571149205972,0.8888511864686711,-1.2772641505599687,1.1624805933376923,0.8684355673858075,0.8177045952501734,-0.69421103077771,-1.3558670275563585,-0.7368450389750354,-0.3867917870039323,0.590330664101344,0.19605118331317897,-0.12721631962255442
0.9985904816991914,1.586345770007565,2.055683718251568,-1.2318296316005628,-1.3220937047210164,1.3504106739448893,1.6283316605790374,-1.176795804275523,-1.0090942014844013,-0.4386018035425266,-0.33704357458776973,-0.1105986192275154,-0.29403465026630954
0.8150343976659196,-0.4845870268703609,-2.1208699333821457,0.20732129266693183,-0.27212192754416126,-1.586765882838435,-0.6251086259558549,-1.2376098273074003,-0.09794634760593368,1.0699665775005776,-0.45752943091745235,-1.0456425838546377,0.40805260443687424
-0.06864059980498186,3.3688236251983033,-1.9982843506530954,2.808066441943366,-3.0346773129959,1.0501216968558849,-0.9256612236093125,-2.8235455771437823,-2.025837448823376,-1.4486393561430344,-0.32780462839739793,0.11680732478260758,-0.128531653255095
0.6603316039357656,0.2694144188964718,0.4041733972169062,0.5776987989335884,0.46199861108704543,1.7968616131891937,-0.968958713942766,-0.1176904413127598,-1.6997522643762797,-0.37027826868218067,0.1082225697858859,0.8192782488623155,0.23413277590862236
1.8021839297813476,-1.3085155956473091,1.584754871862529,-0.20276974540262407,0.9216448562821901,-0.04521715988452767,1.2646804906597509,-1.5250306867764447,-1.5373387988114529,1.09083736454773,-0.6966245989855251,0.11268946139212557,0.5958378292739968
1.5064771243926438,0.08476325808467448,-1.5412167833904882,-1.4653369135661698,0.08941545360665717,0.5617460660161563,-0.4379837233953959,-0.9160953343112326,-0.15948146260483156,0.5493470984520881,0.294119394576138,0.44922887526048666,-0.05053810676957428
0.28641332627389765,0.14051131983745252,-2.2328489523602064,0.03969607430708853,0.310043775792816,-1.3592942223633775,-1.1015126788757799,-0.8047552269955968,-0.7196200838826623,1.223481283103647,-0.6385705584674879,0.08590455228974636,0.2775195884013302
1.8719172942560827,0.5290091731763027,2.273913308125687,-0.006369154858145182,1.3596479095263971,0.16101285378538185,0.7993367948429851,-1.6784267434956854,0.10550279729073579,-0.6101080522210732,0.20508718066049497,-0.04822483131488169,-0.005235988069461935
0.5743403154196781,-1.4731737250554942,0.1636882480054752,0.9104212541155142,0.15334227391188057,0.5277350612452112,1.381839308637191,1.2099882505349615,-0.7046482032981006,0.29455085079058885,0.32871203571060004,1.309768022791138,-0.4728052559378863
1.2393258752148886,0.18042998968300633,1.725665282713859,0.42511949956399664,1.8259201981035498,1.3250834809082357,-1.1919986334732116,-0.09536227913497931,1.4726303963666827,-0.7271214400564522,1.2951104816107444,-0.21528751372138658,-0.6446715175226204
0.6445169296881993,1.7160346922201322,0.4223699548453432,1.16288506934193,0.5102583221089247,-1.7049802077045517,1.863199206208455,-1.0270061645540385,-0.18981547675540056,0.5351548726797762,1.2713113831539242,0.3475635623274801,0.1939309929785934
1.7613816913448739,-0.9742423947418989,-1.59575570058363,-1.3053692218201303,0.8798989295912217,-0.18782048276317076,0.04568199573947684,-0.2778999020664166,0.0759015368777486,1.3822100496762508,-0.020920501446009578,-0.7285177270573192,-0.41023981935764847
-0.5582426864404161,-0.872441052975686,-0.039396751228272846,1.0638953932142101,-0.1592745655119782,-0.9672897685900373,0.6967711960864367,1.8221755166720057,-1.338781709209024,0.6583960538574307,0.5561152267507002,-0.4578830363166983,0.5896630917022169
0.07465678818992014,2.363614697680481,-1.9238376993694608,1.4306397495514278,-1.424956114306802,-0.3789395771610482,-0.18075591716783082,-0.6057610989912264,0.1526572150465096,-0.37508321892653906,-1.1175582262809016,0.3197062252881516,-0.19335782117385023
0.29983748310423336,-0.5700207379367295,2.0559104668075303,1.011061835784536,2.356234606849049,0.4772756590790144,0.4778981587153866,-2.0451346234138956,-0.3223377789643528,0.9142164686986356,-0.36090300069458975,0.10191626160639874,0.27064616414953424
1.4451898042530966,-0.055780446396498116,0.25775767507465347,0.09515878101884855,-0.5444794205512993,1.0227932473299648,-0.2701517137235543,-0.804195966587251,0.45035349202421937,-1.7590011816232134,0.29478615744776865,-0.26535222920753804,1.0973217058308005
1.1959521246597014,1.3614872178567923,2.998229148312232,0.4506201642431227,1.215840289557545,-0.8354875462619844,-0.3025179165970189,-1.3225521721423634,0.42363622241569066,-0.0010240110408527895,0.6695207148772279,0.10736862531003066,-0.0786436855030915
1.8525618163373325,0.5894652593390876,1.8943509786611943,-0.08053086019513274,-0.8061064291005232,0.07020882840099088,-1.0993742981384826,0.27372877243270344,1.2190077420407464,-0.7003686776751219,1.413441303586631,-0.5549208158851457,0.2586459483973946
-1.445605710440413,2.0744915527571175,0.5343106173645122,-2.731108248878154,-3.172114781191371,1.2664592121191658,-0.8036834137224848,0.8038170024772294,-0.2252639568764223,-0.23465888639020147,0.008219713693392324,0.0689300708759425,0.37070707670330627
1.6328102309664096,0.9747999709720465,-0.13820342705113525,0.44020002972476957,1.6383571060175963,1.0908147289568864,-0.2180635777966048,0.6183728361225678,1.2274659860637573,0.8444291004338682,0.49043752447303535,0.8927640580059968,-0.6360546604902448
1.2398491498635889,-0.32290885425714716,1.6471325439235376,-1.9371506589384282,-1.3408197323954092,0.49908281896023177,1.4387885685983506,-2.540740150159812,-0.4935881807204981,0.5064445991435289,-0.797421702775932,0.18672554538575378,-1.537374651731334
2.347914202873406,-0.6973380329994473,0.4687905837870096,-0.5964005908039394,0.413488480962755,0.4233120866974248,-0.06290584266837977,0.7736240208644798,-0.3321248936477543,-0.4491866953509021,0.0419078608219235,-0.025812854599861816,0.030907305338521207
0.16517810999586735,1.412056150576966,-1.6289628929927202,-1.2873231794830393,0.34648397387576085,-0.6654978497282944,-1.5089376352324193,0.2902187630171428,-1.305959670113259,1.1365606668909822,0.292885108774096,0.09643100281397904,0.3668765054083164
0.061634762215080484,2.9703949018384135,2.0697190077804253,-1.5221805490771603,0.6836079882780896,-0.7914577793438167,0.022760811473099857,0.5008281373350325,-1.4396340821417173,-0.03810682350580558,-0.015482618105672816,-0.5171157814137836,-0.5534718706878969
0.37234163778291296,-0.07615011658912132,-1.5120777053563357,0.266985898642964,-0.7950825888628391,-1.6333957875945908,1.0861523035386391,0.4166224299833819,0.7584964088001943,0.8650007358056842,0.8060272081717859,-0.1161426119118163,-0.6499716592985165
1.967057489839722,0.014480844142567636,-1.3201905459924477,0.10777850456202868,0.2641924974607983,0.5239430097489239,0.24421633071856388,-0.36672247364212635,0.3561308646296513,0.3449876218900928,-0.005253385682581276,0.3123608920429603,0.7696408816228902
1.8565724872831837,-0.047200558652095014,-1.2537970429464504,1.3218008640783545,-0.013873752391990209,-1.2040293344594002,-0.3758063639870612,-0.3526197491322391,0.19514307098628403,1.0801700841630655,-0.35004814421719005,0.21123870431290842,0.40637661698896943
0.16617974616973707,2.0616112486866496,-1.515547186700982,1.5883680850343531,0.015073960188031556,0.5980694705108852,2.373785251098903,2.0105976220203203,0.4549045172001389,-0.7310909828099955,0.30614410072009596,0.3269977564267475,-0.29891715969229193
1.4270602992206756,0.33314820289198654,3.0107647778646602,-1.2211924429212326,1.1976453669401865,0.9611644053352818,1.3537217503110677,0.553572968318021,-0.44075124147976513,1.4190839503550747,0.0018764175303247676,0.5704123168913388,0.015564741403016329
1.0083487197045047,1.6143273577835255,-1.092551784846559,0.9317268629826362,-0.00845807672704773,1.7853583304152767,0.22558626774352153,0.3991237837731566,-1.564317924997786,0.4176614640906782,0.1993571675972229,-0.5952190071002914,0.39173523750816003
1.7480164068671968,-2.2511888137467224,0.18192559111658801,0.707277825802902,0.07175559777279034,0.5810795272780519,0.3027161676411072,-0.1534964643754509,-0.42835284500233217,0.6953732028035579,-0.7936439310797669,0.0783795519255753,0.25633000393762767
1.6871956582681498,-0.2278405488011315,-0.10142308434540115,0.40802007319842426,0.4295107576714838,0.39957502376679044,0.08234399539050981,0.5656294202862865,-0.528624072677174,-0.9045454720980165,-0.677428344239565,0.0768424812664095,0.08173698765262533
3.128407581453085,-0.5900617983296931,-0.7247691595480373,-0.24511110159632776,-0.026316837790654052,0.35796489241595675,0.453463493980644,-0.43419501599497473,0.6259971730929559,0.5184609816083466,0.7256370614182088,-0.7354625819057593,0.3140821122710972
1.2594111833374366,-0.4736547920460128,0.4576641678094871,-1.5476297913385226,-1.6678489922652462,-0.7058066524295269,-0.8279686271142432,-0.1679602060393605,0.5582024897728382,-0.17866992986461264,0.10634883112948469,0.03539053719338534,0.32739859070765287
0.7989074049356818,-0.19315932361965635,0.8592153835105725,-1.5764500881388115,-1.523888821285439,0.3212518020680165,-1.5025913282816463,-0.02315326707661512,-1.2289157857149013,0.7846219281221223,0.5612153910913055,0.6338736832911706,0.00883534269903375
2.7877557083909927,-0.864736391952042,-1.1204418839534727,0.1680596633912504,0.6330486449715802,0.1243411736829609,0.1686074106799436,-0.584178192621087,0.304361485424774,0.8585963078479362,0.13807572048375388,0.2626650104698249,0.12173911710911993
0.39566065029550057,0.016963843250792886,-1.5286257917899442,0.40702532406982006,-0.7617054155999565,-1.6350050163429637,1.0887245925159037,0.4264442098537353,0.6603726872370277,0.8137896112630894,0.7727694742469693,-0.14455787520724436,-0.7754402844454922
-0.8503655664035094,1.3747646488647192,-1.9946145234356343,0.16676899802904172,1.238958411118373,0.9130445868677775,-0.6278051946940194,-0.8509697456929476,0.4821060600215892,-0.00834600179036921,-0.4024885281215229,0.08026150441026808,0.25990552911973186
1.4448046838458903,0.3773461203319635,0.41019902047645734,1.364081386819915,-0.5588107750530912,-0.763780107287908,-0.282946702621332,0.9651703336706171,0.20180368089112455,-0.3332323967009299,-1.1229293305090815,1.0837180189564095,-0.22999721498580358
2.09243326426618,-0.2600549285818999,-0.8809655890857886,0.9343121181755035,-1.0026687749489376,-1.3317186931705243,0.49991878704630843,-0.5835390832160161,-0.016238941775610447,0.19351980714330744,2.15978028459762,0.010991649199375321,0.04755060504031144
2.3993332149777635,0.7070914850436956,-0.816620388185304,0.7983190571812064,-0.3601104923523,-0.7146980543723666,-0.8877607362174085,-0.5512003605301092,-0.5215417857142959,0.6027995115994358,0.6067928358020429,0.19017192908672254,0.16399784093418796
3.4639436192643993,-1.2623102161318196,-0.8738122213230554,-0.2048675838836915,0.29131872101522993,0.1331577544095762,-0.05713446018719136,-1.2128323439274349,0.22354494018511767,0.7549588504971928,0.7944919196403064,-0.04182153419633166,0.1498250845051195
3.1009548910043403,-1.0686420234815577,-0.7247661978833516,-0.040120686206729705,-0.38153838063674744,0.3150224720132251,0.718218986645133,-0.7427748836270227,1.5360883820808233,0.6715154122646059,0.2652361057022646,0.10970092705735932,0.450709135544529
1.6754402732910603,-1.7346745389732932,-0.41292278077124894,0.14022256037697636,1.013611433067323,-0.25688377398676393,0.03379578619108708,0.24527372589989405,-0.26775991575583585,-0.10698461383642548,-0.9061019584236791,-0.04066711797931127,0.49606471590826623
1.6841833257022276,2.2128383190060736,-0.4773507920961587,0.6201806585402793,0.6570284460466735,1.4159753308342837,0.07611462725767605,0.7920010229317791,0.23982414934081414,-0.16367671519770058,0.4215849992645615,0.415851966106761,-0.4884873367409222
1.8173238108521523,0.8918076119463787,-0.5383756023686315,-0.8886393492274688,-0.7326736788286424,-0.6681905747655452,-0.4848487611686122,0.4223034058367254,0.40047529142439986,1.274302182430553,0.43229474449487193,-0.12241443395044127,-0.8374624735190617
-0.30471601961101813,1.40897196402061,-1.5709481406182004,1.3548568697713321,1.2762058672868026,-1.0514645606715436,-0.4826724007098442,0.6641990337752474,-1.408872659585041,0.3987686020350575,1.524654529582568,0.7985077281030211,0.0797073817368862
1.9721594136012481,1.2515234868807077,-0.1303384345176621,-0.31377757058326083,0.7308095262150657,1.1170859795769752,0.4222076063403515,1.3097804222358194,1.0012165227709342,0.544558186519159,0.7431056552661987,-0.42494053138273896,-0.10641684078776427
1.651007463261263,0.5467824076206244,-1.482356205082546,-0.1636388557481762,-0.24745540128507235,0.4472264605961178,0.570326866612949,-0.3503406884899713,0.4605646638393742,0.21073074605650774,-0.37721924324111167,-0.5076823657401054,-0.826738889934528
2.1888501386765347,-0.8904205832224131,-0.1525053283616918,0.727673929369239,-0.20722157738545696,0.2184977266426766,0.26988098873065014,-0.4202383644053688,-0.11969478610976586,-1.2086484744270096,-0.5327215423676814,-0.4838709901405705,0.2695824905775079
2.263704106578509,-1.6080735773492554,-0.15442945774115072,0.13130184969667005,0.36525977861914966,-0.06752876510752953,0.0100197679364084,-0.3065747727207941,-0.27404377892534787,-0.5846265720713618,-0.36512449651346807,-0.4620804996149404,0.4110978884742651
2.4250976169509095,0.13035177815939547,-1.3064138004477621,0.9779475334570357,-0.2668711278730207,0.42744162273058495,0.7450806646046771,-0.6841345870044448,0.5253195987158106,-0.1983069721554613,-0.04341545750168733,-0.800705091566717,0.37567059994315083
1.966821284530681,0.10764603033809349,-1.4114235450142423,1.0194180452311976,0.34556435319579504,0.31389520186967457,0.8030139008257449,-0.005997504683132055,0.6494598297557577,0.33091639904032577,-0.6169361472308172,-0.059314199631066926,0.2165398254743202
1.2154588624870621,1.1489085749694588,-0.31438000340469135,-1.2953542088614678,2.6746094057364105,-0.5072242580738998,1.0088694020183817,-0.32212630654505575,-1.9910200072803732,1.3661489197597643,0.08641565227853494,-1.043837234014482,1.2478799655194768
1.0017788658969755,0.9583794047531787,1.540167561327838,-0.22776718237372615,1.1278335539254523,-1.6980876281769157,0.4583698737176353,0.12888635754271227,-1.4319694839218033,0.5764981483611619,-0.8986655053328367,0.37658315035802986,0.636562611761142
-0.18204553303194246,-1.3415096537939597,-1.778111496158386,-1.327329138148049,1.401840631633339,-1.4526278658675014,0.31657825929516276,0.2280486371069289,-0.3653504403587784,-1.3154267624032387,0.0470752227121966,1.0219403710757258,-0.06363044621178308
-1.5464346475678845,-0.6766140828103743,-0.9008601686901917,0.5004802551963743,0.9563078782024496,0.45967164398610816,0.4998665791222114,0.5191576126881312,-1.7818436422481838,-0.09214290059771842,0.25589890553860967,-0.0893633813425897,-0.7491355371147846
1.9808278136504436,1.072553478343515,-0.9186931618602955,0.7436436725649237,-0.7516593540909013,-0.5416121960291185,-0.6638921009262556,-0.4629898935053312,-0.2849251064604359,0.24966260688835476,0.5837035608388383,-0.25726535822981483,0.6932596000680393
1.3148483438912297,-1.0829201207411427,-0.6531180758321308,0.12001900690601473,-0.9384390291686371,0.1846544118531068,0.24282099173746033,-1.3036402526163289,0.6240525824561678,-1.116445053154927,-1.3192363713286304,0.5267427006392377,-0.3978695431198483
2.5181027629399093,-0.3225781460795067,-1.0239735128394143,-1.060079470359955,-0.2595325366737033,0.33262331469800077,0.247579398440638,-0.6931350066082673,0.5314627190062543,0.6667490930740132,0.39715200177749965,-0.5093326193998804,-0.8709270419765639
0.8019592616135266,0.2548106722745465,-1.3279783318394844,0.9866048374229918,2.5745275397839387,0.5024641715839558,-0.8869664969556972,-0.4313080586882224,0.04953691160341192,0.8794190904916699,-0.01222573010282694,0.8633373890376789,0.026628731098675536
0.367736067135325,1.3921429350457062,-2.1428644718997183,-2.060499909511958,2.0751744566934365,2.117809385572642,0.20274051550788055,0.9953089122927121,-1.3074582411001119,0.17980441397669697,-0.24680098063796777,0.20366546896537258,-0.3363978066888276
0.6730383964585188,1.4558056945568938,0.388959332380045,0.513073021304836,0.1779516451958615,-0.49390228072134285,-0.6111089493610371,2.2570023222942064,-0.826954228901351,-0.2722494278657459,-0.7308815184896621,0.4180827548035255,0.06640509802104527
1.6836095613604312,0.05411959271354202,-1.181864314695472,-0.7503455272076774,0.3216743262283671,0.49411364807386526,-0.25731717582347113,-1.1064415265522929,0.39133393204946176,0.35855727254921643,0.6755757542625148,-1.0186928744972406,-0.5309214615264009
2.1825582043679543,1.7509321354363685,-0.477384393212146,-0.6338307038402867,-0.08609482454068737,1.3702307957123014,0.19013329459121742,0.8561943340658269,0.024749184075721433,-0.05574434660096967,0.803424463822438,0.2646232516176436,0.25762699216934865
2.6344103537055097,-1.011999839989436,0.376198350335596,-0.2657052848255561,0.035627302992063486,0.33879498119140217,-0.03154583144698518,0.04419472811202955,-0.21894191192632106,-0.7206934958521518,0.08973442703836439,-0.20872851990615401,0.08354983711179437
2.383755796666819,-1.174090530161034,0.44306169362448283,-0.8894555352551667,0.414866038557641,0.21997967549440975,0.07750115570551554,0.7773902595009305,-0.1436650760524807,-0.2916358358646878,0.19557718512610361,-0.7691645217686286,0.3853523306900172
0.06557388579011428,1.349691084373479,-0.3259009295675735,-0.4837643830453188,0.3880168410881579,-1.2400828191826108,-0.6090417447206142,2.1894550487828464,0.6771700179758716,-1.0014232987400222,-1.188544663009588,1.093948202060965,1.4728759604916042
0.06756119079923747,0.002095351397401196,-2.2440720420235043,-1.4382570860903539,1.8215862978294024,0.12632588368145012,-0.5845287030467023,0.3873882376024526,-0.6543980256296078,1.573021062156948,-0.8435925957043886,1.2329213361208438,0.09712099789315959
0.39597043332400483,1.6728275912539898,1.2669674886711277,-1.0634813765014899,-1.619721121156936,0.7887948077237408,-0.6322768251909766,1.9326574874690268,-1.045829460996636,0.4019548958031551,0.21142744582892212,-0.1989680087020018,-0.7660996203392659
0.6981958877899126,2.49119687880593,-0.7072057377207631,0.09603133974078441,-0.19058927985200105,-0.13846350163662186,-0.9365939881695461,0.4265736980025907,-0.10713086708159486,0.4850716654219549,0.39232876569067165,-0.18763808925832495,-1.0594518255650243
2.0945178169635352,0.06450658815753739,-1.081291584916919,-1.182208349912171,-0.3253448419926594,0.3858661581237234,0.5788181472594787,-0.11255234738202029,0.630285580298565,0.5164664016178704,0.3839392593555999,-1.4417798685386807,-0.5074834737785456
0.6098097354975126,0.1303339111469257,-1.9647233037847265,-0.8009379348395668,1.0220623782964906,0.11211551512265469,0.23203401451110622,0.42917165791152756,0.06216551179810312,1.1088942529702916,-0.8313509706773545,-0.05950742746154463,-0.24208175200992563
2.57836091184506,-0.4252841521692301,0.49030541149199586,0.026033590277836235,-0.27832638152463784,0.5921397127818216,0.1511462059296731,0.21918103381774143,-0.052535624670987296,-1.023645627132483,-0.042236757558966866,0.007775839700641252,-0.12394687729242658
2.7438969399476636,-1.898777659427415,0.42190190427349333,-0.28120629349855764,0.005161187152365103,0.0004964970756159807,0.419903772269448,0.13043632585626647,0.6861430876216339,-0.23293081809112612,-0.2431674611867143,-0.3147254473934084,0.21385674288434714
-0.5018440880137295,-0.3736817050043292,1.076712029978771,0.1844423397797963,1.6580041597115993,1.7185138301913212,-1.4829169595041787,-0.7296014418863475,0.4092741160689488,0.48475636425423335,0.5726054938379279,-0.17525802079398725,-1.2113914914673372
1.28307820500849,-0.37196208191205204,0.9089390825536956,0.8040337002152946,-0.7032137893229586,-0.08033533751117262,-0.5819786503780778,0.9483406414947707,-0.8895004376279657,0.8940253375463818,-0.3450693624788,0.4195031368350724,0.06696470540133274
0.9488446286476918,-0.4576748843360673,-0.6185659609288072,-1.2906841306563002,-0.2853536069620784,0.1430285933643249,-0.27706853048219654,-0.5215302374357798,-0.35909021008301145,-0.492243190356302,-1.1631066568671562,0.3522091770014424,-2.2115507037222133
1.5836050431545854,1.2453062870081801,-1.5238746336138729,1.0376142011918983,-0.38134789546003217,0.9501970852134585,0.4536337784843041,-0.5626930843711164,0.21347701215675402,-0.6544862472891663,-0.3047927397990062,0.29621303270571503,0.6786099974731346
2.783234933298265,-1.8987476946404673,0.5706774914338435,-0.5272801265134215,0.33407122945076584,0.03665476675950134,0.2365708130526528,0.4349074496239614,0.6081494483950951,0.11103889534893566,-0.26080568391655984,0.3551366436062103,-0.03856534892737502
1.7810737996913193,-0.8395590184043361,2.043382812376075,-0.12764747280737437,1.594032636281199,1.0555310672663714,-0.8888554587971956,-0.15983982509900874,2.2720544011752533,-0.2768106103688218,1.5884021870896894,-0.7854928205728507,-0.4192008598397802
1.7810737996913193,-0.8395590184043361,2.043382812376075,-0.12764747280737437,1.594032636281199,1.0555310672663714,-0.8888554587971956,-0.15983982509900874,2.2720544011752533,-0.2768106103688218,1.5884021870896894,-0.7854928205728507,-0.4192008598397802
-3.5489400630421355,1.0689461344390014,0.12842874499261195,0.7738708131458665,0.9093476683913804,-0.6307883429500469,-0.6414088715818389,1.1079636203065766,0.6535245631474879,-0.976534158641907,0.6278608940847366,-0.4740010281324318,-0.3929890591782541
-3.2330597190653014,-0.722351808439081,0.13056916317119355,0.3802394565666096,0.18217169095758995,-0.23868075858861146,-1.0189178760961284,0.008980640323713311,-0.41192643129235834,0.476277846507603,0.6022575354024835,1.053730786114869,0.015515718168450047
-2.3399187938240678,1.486325966004579,-1.1102009831549184,-0.7570845955043816,-0.7361617140991688,0.013966758689140315,-1.3249361715840455,-0.9942320629653749,2.15170428079657,0.638851392696342,-0.6705931021327417,0.7113906350187896,-0.4047136281267881
-1.60657492368123,-0.1744684085110593,0.4508406241002254,0.6255958868497783,-0.5507501676478315,0.11158887356222957,-1.1762732617499343,0.17837654852813234,-0.21810795450302198,0.6401977307613633,-1.1852893601367644,0.23582114090153306,-0.3434324496168736
-2.8712217277129763,-0.3320453507617876,1.2187753964874077,-1.7276537699739425,-1.4119561483685006,-1.2234117477457895,1.726952716955865,-0.8797529567925773,-0.04359747519416785,1.0625963639398315,-0.5929697759786792,0.9029946005615784,-0.2268075340031577
-0.8422697999077072,1.0495799638964018,1.2061073936699669,-0.9158773595295457,0.8036678988159459,-2.5968851286964125,0.8155642254084925,-0.8087032203769455,-0.2969746327937102,-1.3943517757790282,0.7235288862300111,-0.32482007657968404,-0.5333658489022631
-0.30260315110112473,-1.7747773812833423,-0.08498370620830659,-1.1114009713371247,-1.1185090817388494,0.8924671700055875,-0.31760450218313446,-1.2111317999952327,-0.2844120980483839,0.3256525241868578,-1.1696528186492752,-0.26892362549858717,-1.6056058222942806
-0.4682526902447038,0.025558108608379603,-0.08133574324750484,-0.06202856987997561,-1.0947251126676272,-0.6715689030813374,-1.2042345452409138,-0.3829951342570994,-0.1333779792688322,-0.7231571930004072,-1.0443222250146136,0.33071013511668806,-0.07511904710568655
-0.7817315889001495,0.007166289881565265,1.8397342886032775,0.11527974677742889,-0.7975002272517397,1.0667968273394357,-1.7752871200418006,-0.047333158863986646,0.6443304759935189,0.3148823670483073,0.614078631267701,0.8888484129708595,1.180617413279115
-2.9683054055953115,-0.9767417556355366,0.42652018420475596,0.13178177338148492,-0.017791608254387144,-0.29203282002699343,-0.6567811598667965,0.3417001854422469,0.1605949593094865,0.6727964572090546,0.7131441152543246,0.6046873677430666,0.002449185411407792
-1.8187252127797495,-2.9244200742698814,-0.29358655166090175,-0.6448510621577775,-0.7453921100344998,-1.359384370048636,0.025688722671425978,0.05067340470666313,-0.4790724080709901,1.141825784369223,0.454898386896986,-0.6341539505772236,0.7509920135875676
-1.540581923263436,-0.7747079731290847,1.8466606379989046,0.9103669788952359,1.595382555402766,0.28461708981781697,1.6304260571473053,-1.2650004146198455,-0.3805545983825886,0.3153785566313921,0.292800764027648,1.2195129115288108,0.3158790011337314
0.6553330499401135,0.9291254543733913,0.18998104593256124,1.0238681598692638,-0.007590667454848479,1.009439951180257,-0.12652232751028497,0.6006315921448919,-0.8701872295858895,-1.9327322230855926,-0.7375825400942626,-0.43890027501052536,-0.26070400695928725
-2.0680843452509454,-2.444021053114603,-0.20507450449701095,-0.7021183458523786,-1.0049155883028547,-1.0877508854528413,0.126109896205138,0.290150950361147,-0.24568329693582583,0.9679675357184568,0.3720946840115555,-0.30062199592673466,0.8626488221281332
-1.9390727881549732,0.3670167722515432,-0.7520990007305539,0.2001162554137102,0.5826334825278944,-2.1703630072548252,0.03681846795335104,1.2636511757371187,0.5463671769171188,-1.6717558855884629,0.032254089794250075,-0.9117975177807903,-0.4285322414968027
-2.2548000150035876,-0.6760291357767586,-0.6205720278743341,1.36391483863413,-0.5301576091623336,0.8751156987505062,0.8418983154027905,-0.529063819972257,-0.6017606596307231,-1.2056919503410257,-0.07493317218665889,-0.49889641378413707,-0.4986711494150585
-2.430585557999355,1.247355706513756,-0.1966834301137901,0.7489867669645162,1.0021627806782996,0.5319596940866621,-1.3045473671823744,0.5313624446081883,0.8595321276314639,2.0674316694176156,-0.0015169088241264884,-1.044758617758985,-0.30963468926509696
0.5248927335280107,1.2215549922654527,-1.0128053958878422,2.3368623962633,-0.4527126742923187,-0.6114835522138089,-0.20213979749722455,0.07079099791066897,0.37581000776026824,0.16086949453720975,-0.9983813343434702,0.06879150370027395,-0.06239800612071177
-0.8018022377658112,-0.4997340960863749,0.934765066332496,-0.5416071588330569,-1.1785199807343063,0.45223055181089905,-1.8734409472488747,-0.7928257386083318,-0.38876685096090374,0.4716450553619134,0.03918983205735058,0.5987450123025256,0.04149853082018076
-1.8222399479805307,-0.44430074777654477,0.20020878500502615,-0.3569096846503927,-1.5492019242469124,0.016625798034960126,-0.3738410324827686,0.7528152051938595,0.24669967486274527,0.5863180260778983,-1.3292164475096087,-0.7268223805864376,0.9698911478296544
0.44888482758523346,-1.094370377491924,0.3618662964825951,1.836516133168415,-0.05900127338899598,-1.1610296567529745,-0.8858336877781634,-0.533575948590564,0.5213176842402607,-0.5235679427178237,-0.785280174828266,-0.8563900287854996,0.29353495401044627
-1.5423159130786495,-1.2360407657456105,0.11242073537640129,1.2381617807455547,0.46654930304970654,0.91778895783307,0.7062194296447405,0.5860579104350677,-0.4268408221475692,-0.3399907163197748,0.3183386513649377,0.6232913664577412,0.3338066653571216
-2.9052114025675926,-1.100231303164866,-0.35894767002066497,0.45726858389636776,-0.5853399344144409,-0.6451610955186725,-0.314156761554191,-0.0488629829417213,-0.6920485609127057,0.13875838643128094,0.36874994499670327,-0.40806037972667464,0.515663710249909
-0.031486879799950636,-0.6109086530728485,1.0365809322737722,-0.48120013746874574,-0.5733975162042046,1.6183746099049459,-0.23044964813433974,0.06836000538531109,0.10481295425794905,-0.0374233745638282,-0.1690583014494915,-0.9047655145358132,-0.9284486763408412
0.7321650703819107,-2.516735284684722,0.9278619628397252,0.8882447380340219,-0.4521160485252416,-0.7879624496552159,-0.5054875804145493,0.31084554174152973,0.006821321568681807,1.4927840120702187,-0.7693904136612552,-0.5248958453123557,0.37839347328885237
-1.3616334646187214,-0.5064224168989994,-1.8303282869418795,0.9138028357243285,-0.7896448960517695,0.7164370888194292,1.54267046638753,-0.5263885326423842,-0.1023049748593116,0.3886949470986611,0.24846494178597384,-0.43343204117772344,-0.3350304061152978
-3.121713288829863,-0.969243293538151,0.6855977889786267,0.47264150909402236,0.35419414475844657,-0.1820054824341807,-0.9458179051413416,-0.0679781093827242,0.5505246988561588,0.6023242398209832,1.0647365670889122,0.3276466715367801,-0.17997540646234544
-1.4843846272940926,-1.7299449177309891,-0.1500274325755814,-0.5889337610499653,0.8971864436214674,0.8402418159177043,-0.602438462203463,0.07429740465653586,-0.44241727389597013,0.8082625656634664,-1.0646698170792228,-0.8208057254600062,0.18473887969026792
-3.1973154275554054,-0.0616269601808569,0.41788867485735826,0.7305614618500333,-0.8769997285338881,0.12830541680866442,-0.29852835791483967,0.18578443784950788,0.5071448159636798,-0.15705919998961718,0.5236868058238406,0.5727042168587245,0.0815770461120719
-0.712663606643987,0.23048482555869676,0.5473875290687961,-1.9025424725221143,-0.9679476954519396,-0.2916006506801291,-1.3300721621948117,0.8625211750641044,0.25100396499278177,-0.09567118829097887,-0.37938115333851113,0.5566149507562589,0.5321384785969097
-3.6981526826324993,0.7230337579639883,-0.4286818221810463,-0.3605494306864741,-2.7957264932245383,0.0926711062471916,0.7262842788183725,0.6947296917533322,0.22298358922902187,-0.6361235017792475,-0.5507760238726574,0.20947214974825112,-0.3103391207514333
-0.5930673639118931,-0.2757994816199428,0.07766944570889604,-2.2015187375915892,-1.093977973476322,1.0273288588770522,-0.10232834728406129,0.24996490807931046,0.9077446441696969,-1.159203696822246,-0.4682660663027063,-0.534120880047135,1.125323160922078
-1.2291932795152376,0.4119702040536392,1.8711793205358453,0.533095783196443,1.499617067780601,0.7589044906660757,0.692042274139447,-1.4398191770009032,-0.4798014033345898,0.6126977035754444,-1.5591467265817123,0.48088142471512446,-1.2273093569768943
-3.1730700431308967,-1.125280600490945,-0.6415291599496544,0.4447452769523472,1.1284315807646246,0.7606145117029707,-0.1553961680627062,-0.28402978071764357,-0.9555036047431966,-0.3359200248406408,0.4087912933933217,-0.3653791922460732,-0.0011906845223148737
-0.05096474326563883,0.01202565220499497,0.24747106209860065,1.2260702246517066,1.7094483677182142,-1.501780452828822,-1.9506294891451925,-0.014168867223892314,0.8516553949583666,-1.0152471144410145,-0.7254768804090201,0.8175611957473538,-0.04184879224203079
1.0160135643857287,-1.7925209703174658,0.9445594429835562,1.06416858955203,0.2015617190733908,-1.2381034558348012,-0.9182647018559654,-0.06876675400875237,1.121824841527846,0.36311074649942754,-0.6140081514852799,0.02772685919769,-0.08087597008642948
-2.7460363023845473,-0.8257902522650346,-0.03559421224646447,0.40283152199349176,-0.9236497599856154,-0.30578874105114445,-0.37377420310055864,-0.07396207489075769,-0.26093328054478504,0.1399396702671922,0.28656570928024794,0.9251790110443155,0.2373178013166771
-1.979305609849628,-0.4049087356330544,0.04325280505829216,1.4710089978036145,-0.5053488472533043,-0.582448683629824,0.6395885041062105,1.8235034304623916,-1.0722464292493032,0.031247978092944405,0.11857451518905156,-0.6897965476631116,0.8163737187921198
-2.294179869455442,2.3311683096352755,2.130319096198996,-0.5992408499058345,-1.2912561716492417,-0.22226974311469716,1.9761211292690313,1.0021901099115045,-1.121205963993137,-0.06785439446588563,0.21147762949135668,0.18988520468060488,-0.2820086656616258
-4.013097667936827,1.1082136937080211,-0.20099455299993466,-2.221692815458598,-0.7802968742411183,1.3079858237665734,-1.5784305825259646,-0.22004269225045803,2.8827956215712143,2.2690733614858365,-0.024099740974015585,1.1446777708093219,1.0065207997749412
-0.5859535769599354,-1.698257434199184,0.44746994344661967,1.750353023380493,0.2662952299411525,0.6744813018085777,1.0686924920320469,0.41072443984060236,-0.09160680488884702,-0.26431379310262,0.3871143771792453,0.1332507211025068,-0.48613841630563903
-2.031503762849775,-1.4225428361188788,0.001637559701092307,0.8015394671956836,-0.3492663895805225,-0.744023562264193,-0.48846710346934785,-0.22601936108824017,-0.7412872507461897,0.500538005755971,0.3393785255697166,0.6042210238509599,-0.6025915415429101
-1.9144600303535366,1.1715347324946874,-0.19285791554362866,0.5759137708031515,-0.7457833830985691,0.8230769609710137,-0.8045475697252304,-0.1069255058049133,1.6000394907733455,1.570111501465704,-0.3278001536321029,0.20210343467582348,0.16435874296647995
-1.098601188443431,-1.262348638716958,1.183080783291871,-1.0313506033852846,0.7695547032603047,1.7317644986808378,-1.5092952114861153,-0.9162862737813277,0.5628518992802763,0.38722142521493896,0.7259311075840198,-0.8456180095010051,-0.08960324853012361
-0.7280104831168163,-1.5922432584865616,0.8162503964576866,0.9778744593171902,0.8453962042166041,0.7458469205157193,1.04945048690853,1.5783528245072387,0.04881524759207793,0.45714974603536745,0.40603690876919446,0.6511193499961718,-0.676774955732115
-0.47714121574141655,-0.19619162383979652,1.1124502002262209,-0.053614309698519005,-0.7136309715220996,0.21082893738873926,-1.4106629396844783,0.1699620232201427,-0.6725123467388139,0.6074850392531544,-0.03095211034915006,-0.6997334888248754,-0.8419633856112624
-2.793560019447561,-1.2777288095073291,-0.5661887505899833,-0.16763904967858317,-0.2505712925192854,1.0462941847893825,0.1806635594892453,-0.5427507456037322,-0.2867705096743731,-0.4555697840002522,0.11045702579238999,1.2489153275221518,0.5124421639621183
-0.3499678386838503,-2.39958138662412,-0.1377244280972484,-0.3586975955859342,-0.5424476424433017,0.6149657407382754,0.20676993579671427,-0.5086649539053753,0.09695755205382121,0.48697096697954106,-1.2708798967380777,-1.1008154450170016,0.1492677446906528
-1.8568241846323432,0.7791802696729995,-1.2920196089247153,1.37799139708946,-1.39354971631998,-0.26588654568811027,0.8689373561361073,0.4485326806097197,-0.2100014922151743,0.8702524142112223,0.24323754758247845,0.017070521508623402,-0.5729275685291528
-1.8441612481351333,0.05405545923050257,1.1044147803288862,-0.018634686010000776,0.5004850386700677,-2.130273793742966,1.2098802612151454,-1.0202229115609933,-0.19193652623249255,-0.12923789999983798,-0.19639296009596902,0.37586967033972235,-0.20968049946668407
-2.250917595851344,0.7093241943326287,-0.3791862040502992,0.5089159169595576,-1.714607136651399,-1.0545573338027003,2.3055498092153224,-2.2400673007897547,-0.011956701042647408,0.8182719250882309,0.09286453656772838,-0.5098458612731569,1.3844340599727099
-1.3236061342602272,0.7940363426857231,-1.2906376899078602,-0.428801798653135,0.6751894725289131,1.607835869772467,-0.6792848615761503,-0.23340557183236507,-1.2038664813834339,0.8697710041109832,0.20567920388748767,-1.7660928891600514,0.2116976867871537
-2.957897156332474,0.9046311914364229,1.9500292598131392,2.1182001770898182,0.9127579744409,-0.5306326757849521,0.670978337846507,-1.4265222986384372,-0.4779359653695268,-0.16603742390161927,0.5807405210904235,0.3500027009486158,0.9025037029450063
-2.471770191340626,0.08362877788542306,0.15208947097666403,0.05720597171736161,-0.5556154680990083,0.2901186904077473,-1.3496093459396985,0.293634831141831,-0.28852862547515584,0.5327362308274307,-1.1778074588072547,0.26377514219485637,0.6464725202287162
-1.2870506462756646,-0.47780395838842216,2.3687483648179515,1.7655399238950014,0.5750614549628643,-1.2300104274072037,1.5295043623606117,-0.866043401519925,-0.08535312864546733,0.6608625490521335,0.5426576308523959,-0.3838182025559427,0.11938718552061856
-3.014858951854916,2.4752903799063337,-0.5790083218791185,1.7895533869771099,-1.4053478397859303,1.5269377911026472,-1.1991458275363638,-1.5653341586002723,1.72486248190127,0.02255444389430524,-0.2864017384151659,0.25178151101188645,0.791166085248532
-4.092744595916731,-1.3431282616464884,-1.2530979715580688,-2.533580515311063,-1.2418776748295892,0.9499117716279099,0.57170631782206,-0.038863801763422634,-0.011666387825744204,-0.15828637983658503,-0.30950369801281963,0.6514190968445095,1.2056133676792486
-0.3324230614589289,2.2715485627456453,2.3285593253433357,-0.9094704647766729,-0.3854860928798441,-0.5288667318968643,-0.2442635582673586,-1.1442610819304704,-0.5539185758155232,-0.6907480579498986,-0.2669760239041489,0.28634525342864176,-0.48084168530998933
-4.501440837856301,2.9707971143713525,0.6495050767220741,-1.0340098744667785,-1.3949927902449009,0.1044739894509536,2.3531110196294454,-0.21996517805182284,1.9133788448507678,1.1347952437255457,0.26387645210528116,-0.4454703980120477,0.3251157861647433
-2.445063541424909,-2.036567493790635,-0.657390478983225,-0.1964232318165849,0.11930055506927575,0.609406802043361,0.1610794400651697,-0.7180706662239416,-0.5090612909505785,-0.14685176757563925,0.2709777235465295,0.4239847106510039,0.4400937154524155
-3.2969959030050098,-0.8478614409888283,-0.7639406403513178,-1.837871651133224,-0.07274637166487694,0.7572847242980898,0.6111908919160925,1.2712829177266731,-0.7785216812261277,0.4799267182661507,-0.5406078853423056,0.9461082150983874,-0.923605958302
-1.9811343769358893,-0.025490131456650623,-0.0435251645152353,0.3243251929413774,-0.1797832969348517,0.0031110473230758894,-1.70484662818381,-0.18445541698748072,-1.486700897139391,0.27617618048650455,-0.6430496267447828,-1.0681817716867446,0.30970703103241587
-1.2208886147216418,-3.1181594536005997,-0.4203199748714988,-0.5737346081454214,-0.5970803920235914,0.036862719458323104,1.2187985641118497,-0.17916097495298502,0.044412350341178665,0.28811490677321666,0.22291839090145887,-0.9032938416536537,0.26823137256874635
-0.26106255265050304,1.5379184069304583,1.4115886029338716,-0.11614084415737137,-2.122550605919309,0.8296607374737737,-0.448512845554752,1.430158391015909,-0.6949452317122926,-0.2800030580399983,-0.12660145809485152,-1.2599517593276057,-1.0138063345279351
-1.7878498383015606,-0.2754751884728803,-0.5274806815822931,-0.08813549084465234,-0.7252935859948245,1.1349111284566822,0.28930540455745973,-0.14342469371199548,-1.9544476416763585,-1.1523807833057007,0.6171050265846508,0.04235340997057116,-0.2730709631744388
1.4685783202404012,-1.3526728062152167,0.20301169302625446,0.12483896093697154,0.4148774583044596,0.22470322173085452,-0.43247415532247374,-0.2753561159317729,-0.6243199394670572,-0.9399314278151952,-0.21716550811869675,-0.9114200874155128,0.17933565162311513
-2.6976908320394286,1.6966638969607586,2.445068849304786,0.6791105400290125,0.5618095541180365,-0.08816686443432598,0.39611033197003415,-0.5610257270850069,0.5677260053018913,0.638498939204226,-1.0130131479820057,-1.4075025962556456,-0.0242096443039618
-2.2536949049697506,-0.0148558397260709,0.49023896875289763,1.1522710446904103,-1.2850608464562376,-0.22488424328463452,0.6391427950801213,1.0753125746896322,0.2619561769918133,-0.12861936535818688,0.14592379458728205,-0.43318935668138187,-0.7868519227823135
-3.489181806201432,-0.4701431345451726,-1.2730770712547324,-0.912596675821268,0.2579588762284716,-1.5746360940052953,-0.9136331646571035,-0.03300387581689834,-0.7538986624631996,-0.42015195294814184,-0.059986174071737196,-0.13449263960572694,-0.5317958399883053
-3.0000044681991653,1.1634881599476936,-0.15664260671119298,0.808150868023609,0.9830781796884566,-0.18318598002084968,-2.298510415140008,-0.4851536510368097,0.25291928912291245,-0.9240296673984029,-0.7632682789724242,-0.23185186775230016,0.34961895598385945
-0.7992252209150046,-1.1946647830403438,0.15722689680150048,1.481830844438142,-1.1056042610647068,1.000320715773937,1.5795068748680778,0.39834463990781327,0.1550933356654043,-0.876161453517432,-0.028854189193012414,0.6816563557372614,0.3519486595480846
-0.402405739253394,-0.23389850717778002,1.274569685965751,2.644529464149489,-0.16887788611089677,0.27760356160930455,-1.1007810531264184,-0.20391783251112855,0.2987837345992078,0.2107774568351918,-0.6360475845285222,0.08284652576201482,-0.41903884642855593
-1.5000462542516013,0.2867306057106816,1.0329776246424933,1.315787036865091,-0.8592200340884872,0.519468048122289,-1.0899247319498733,-0.19417038535075212,0.7845453710785603,0.2238765743510592,-0.928120603724959,0.25412256813194295,-0.8533148058046282
-1.6936690748952195,0.6947380915788867,0.6584495064557275,2.790123161022513,1.4679811658307729,-0.648748463186328,-1.0529452657215401,0.4023572473236142,0.06919080093286015,-1.0451636720705326,0.7342525471540973,1.4461307837467898,-1.1321146089625775
-0.17817642918928753,-2.079831880998868,0.48567770243126923,2.048047249391125,-1.5642546646690179,-1.0030003875239424,1.019242441596782,0.13872134373865108,0.04952050581344795,-0.002637224733108386,0.4392621126512009,-0.9372933080668409,0.2389078301012211
-3.0907906939357432,0.7454998650664708,-0.04222201864731805,-0.8849746623462185,-0.1928687237681635,1.7346301497074537,0.24580943282308004,1.200398552277802,-1.1317325510673661,-0.9422417328964128,0.8949499027680433,-0.07813885011437732,0.29428926850604126
-1.0932523982788893,0.8989767246370446,-1.4849208125679239,0.198345784547948,0.1553477415430521,0.18181415051466962,2.114178699456527,1.8907388948470376,0.9083962099968034,0.008319461709099816,0.010617895948871843,-0.6419901367973508,-1.1830859487150953
-1.645651999443868,0.6977830160262993,0.04893105843538193,-0.7147014482330404,1.1937725156667713,-1.2579611616541353,-1.647732589924402,0.92533159595075,1.5443397998436208,-0.78300723144679,-0.9493424857384283,0.11973364768575065,0.03990208964421689
-3.0434738794768834,-0.6151789162004389,-0.6466787717287028,0.25508866248526735,0.43516023853303665,0.7147408463394203,0.9047519364478086,1.044683387149911,-0.8476040132420126,-0.4629895720628197,0.029213688425960463,-1.4570210119954399,0.0687747222448705
-2.1863245293941707,-0.7417488456542438,-0.8243582153624737,-1.1378158212367453,1.088366411388415,-2.37083658512553,-0.5417390295707017,1.0756500077006625,0.6267672799918504,-0.8311206961657928,0.32175407570524983,-0.1593624930180802,0.47559833327877754
-0.32379104705460093,-1.0366517457396258,0.4160469480436628,0.9472103096542719,-1.6159720498405439,-0.32368816674545803,-0.41754324710369,-0.3019960952213164,0.005614741357812306,0.5024798874897216,-1.3702429518702433,-0.38706084240369415,-0.6346274934344772
-2.5413730772846264,1.165306205538451,-1.1615435256665678,2.5136921225853066,-1.482281640229938,0.256057817746163,0.16600400857091063,-1.481613951161012,0.6138572414294088,-0.1528314601516443,0.8467821314137929,-0.1838095682208854,-0.2880015790033926
-1.9350406318183435,0.8752099430048839,-0.02997211704726832,-0.19768254214211167,2.431173247301752,-0.23386601768762186,-0.04344858599030203,1.3909913693545815,0.9759781578958477,-2.0655267234010166,0.9228915477762692,-0.7965221543937631,-1.5110267512821476
0.08330315847493258,1.3148869824722411,2.3275528520957756,1.6810303487848128,-1.830099894246182,1.0302990407603183,0.43549735885807755,2.18320436140093,1.5080311443627552,-0.05889527162763224,-0.5714381369453898,-0.4679128879438766,-0.6103027621318997
-2.0457204805585936,1.08849804110913,1.5006883993540403,0.06306856889757231,-0.032259543563789135,1.1143184436478595,-2.271786381720666,-0.004577783119690365,0.04383840256356806,0.220282223574416,0.43919867765635073,0.07163247388533703,-0.4624180652515059
-3.741781064452165,-0.8003016187483026,-0.05741933477548721,0.11666528862289907,-0.0670514193602845,1.5286076805189934,0.04778426558260506,-0.9010721227169023,1.0921986838395759,-0.9218340012597621,0.8344609737159223,-0.05516281985592675,1.031249831420566
-2.3333334563158545,-0.48518304133639395,2.648733006079691,1.1274340644183556,0.9668985512094845,-1.072103660379509,0.8959956308275837,-1.7726091929945609,0.9933809471723202,0.8339628724598178,1.0509294081119642,-1.0932634603288267,-0.9305386576091632
-2.3552819398398106,2.064353271226202,-0.17901128405268027,-0.05685035028593895,2.4773338149808697,0.3361246894907012,0.5738724878828569,-1.8957580933105034,0.7204455553720854,0.363139383735832,-0.7407109769690982,-1.0993561862047405,0.5912096360107838
-2.34708852484761,-0.4667873942126635,-0.6524270155041358,1.3064300674368448,0.9350747920670527,-1.3966876116474765,-1.2907355748086897,-0.8071670266390752,-0.7936271665283037,-0.8726683539031369,0.40105728698995186,0.48869988483562127,-0.7870443431505316
0.26197573874840213,1.4294983649827642,0.892035202735978,0.08665522722056913,-0.4507632032638487,-0.23577293638109828,-0.7972781025568362,1.9273141660534934,-0.9588265692796385,-1.0170395266211272,0.13843452126774347,-1.7759523049721657,0.42273018664837825
-2.0829298038545394,-0.658049565664176,0.9709379699017684,2.0116348606246737,-0.5649964438165913,-0.2709831610450933,-0.00030587387991532443,-0.3518168014741476,1.024504820769559,-0.199229844304227,0.9615812096139823,-1.200503854598575,-1.2877134637738479
-3.2133375914656326,-0.7441433515437451,0.16423949539053187,0.446514521772263,-0.4941712781417393,-0.15685235884069204,-0.658991690824154,-0.2531985475836974,0.15336886759523152,0.11762938089978743,0.6595013861356486,0.5028876592447403,0.40802484789500465
-1.9005679918171248,-1.3698534779349623,0.12799847814140275,-0.0037878717299749814,-0.9075238579216623,-0.8995740364039438,0.6083561934465531,1.373674982891384,-0.3340401235020664,0.7907624411128849,0.11391126675168213,-0.6293096305364058,-0.229175269419476
-1.2367088691858372,0.43396889855050186,-1.740598555166278,-0.09178739318133329,0.08776447069324128,0.23125548941186322,1.5001733256521692,0.8885225337947974,0.7663666121985753,0.018946128379531753,0.07156080602939217,0.5596354308742394,-0.652636233904486
-0.4328356790273798,-1.9187323306147506,0.5441654072944848,-1.7442448223340983,-2.371112384651973,1.3279734363430626,0.5432154295767981,-1.147017155302294,0.21028559022561802,-0.7846053935195973,1.6918355048100482,0.5075705848244179,0.554568934702695
-2.2774553060516167,1.9469004592205765,1.0703611316995238,0.14259551945181295,0.8985749983627924,0.998066346286226,2.910747967104039,0.27705321817378525,1.1172028714863964,1.388188332372647,0.27385779933680354,0.49983004925355695,-1.0635258425457492
0.6570840937815721,-1.5252217673864483,0.20760493419441792,0.9809504606383845,1.2419073275429837,0.14150724754890562,-0.35806672350664115,-0.10201232333593246,0.43019604150473834,-0.47230603965795376,-0.9798724655081946,-0.07023884712751402,-0.14070234977483323
-3.100863797812617,-1.3817602737023589,-0.6554647667562672,0.4251886579397635,0.7121525704257634,0.7041417776762054,0.09518086281445053,-0.5484550542892573,-0.5721373741261772,-0.5113712800446402,0.5083502128186247,-0.9986481208475029,0.3566824760381591
-1.355439549463208,-0.2171953582726068,-1.570873300103999,0.7092990809741652,0.9635973968803366,0.34737762230281266,0.09294842702616614,-1.369964597197047,1.0093883174127833,-0.11736458625518392,0.806729892894824,1.4103649184418614,-0.9253273476349656
-1.6305360858041245,-1.6060673323894232,-0.5464904933915001,0.24933243823912765,0.9762361912129431,-2.0585514591806957,-0.5449981478121269,0.3477724934751973,-0.6731777634167855,0.06828750823713871,0.3925962212212846,-0.7487336949857487,-0.6346410138945264
-1.1124479571363777,-0.989542766539573,-0.04195190418857996,1.295880936986048,1.3609774839507247,-1.6149695868931597,-0.6074565995461136,0.9745643872099086,-0.8057307136640222,-0.10607960909984873,0.4531108986894284,0.6740827086838239,-0.15206817566729483
-2.4587440799924436,1.0684374561584915,-2.6099963613268047,-0.6850797715069666,-0.136985181536526,1.9791673615353123,2.714213197909952,0.8323957898424131,1.1820374968436822,-1.5492256195940763,-0.19012280323803074,-0.7223518010329429,0.9578264173832063
-0.15780361441289184,-0.9528686380896157,1.5467899425421612,-0.30823600413625907,1.6677262707248595,-0.6063086356453461,-2.301067099767823,0.2568035414368571,0.6970414382179272,0.446782325552685,1.1677142516024444,-1.1772888822814702,0.6450444622380676
-3.0228925355200134,-0.5848640932823513,-0.5420747696464039,0.18678666332237417,-0.026665394712550014,-1.084887769419864,-0.843970095213298,-0.6385723965786113,0.5085931269058415,-1.0061818403487925,0.6169768692745244,0.045397743530542184,0.8256360182276279
-3.368410441347479,0.08820078837852399,0.3102011097373437,-0.6759649869827052,-0.6446882913205372,-1.6274928377795796,1.4815700749363596,-1.173247889309101,-1.7291275843147236,0.491156824500162,-0.7650225885935981,-0.796483918536682,-0.3008852611074478
-0.10878400199049149,-1.4647708356832037,0.5108548870663266,1.2987000837814553,-0.8426473201364411,-0.41815031264051145,-0.4967089536023257,0.187893244003131,-0.29847798641446854,0.6654437673593186,-0.990745049208066,-0.6629595425236794,0.9169256262577383
-0.8429029249754234,0.4954031727532963,0.6451227769346649,-1.6626815932475907,0.5008335126064597,1.45794532204824,-1.530020253317489,-0.2848307452623559,0.25180380441973416,-1.2076144489811675,0.5337154331906637,-0.2066371089280413,0.018091874713332946
-1.8608634050162018,-0.5343473632307199,-1.570395266269387,-0.6904033261357432,1.8397344833317153,-0.15799337153159035,-0.792539395776334,0.721014830137604,-1.7740389788450632,-0.46539616439762005,-1.7475357711139712,-1.2429222375874343,0.4717161210467169
0.12273454677771894,-1.8187288612640746,0.3530066316684196,1.457424563553472,1.0309129056726667,0.9201260582809154,-0.6277225483834102,-0.45154193623479144,-0.6913416880918621,0.40654232249999184,-0.9559222483353497,0.287088196070958,-0.16084275024178846
-1.7161676364550087,-1.4492316569495587,-0.6952744990935852,0.6134232636337342,-0.0452806533871858,-1.8165283427638304,-0.36350885573973096,-0.5679574201471413,-0.18542677049660225,-0.6964034756738284,0.3748320050392336,-0.7889440310361161,-0.08249711053096323
-0.23144070380011936,-1.522178593430009,1.1280905820918685,1.036490024936837,0.7582059836712136,1.4227220257967343,-0.40448384871994547,-0.0639491081937954,0.9043176090780994,0.4520693238375025,-0.5411495705782939,0.2262749490012892,0.11273571206400057
-2.1882945492208266,-0.6529396275643663,-0.12829625187015795,-0.6334158075400017,0.5523974810410504,1.2707182740326606,-0.27552639555356845,0.8141704172666256,-0.20927261710689052,0.3922966868029594,-1.2331493961011737,-0.9881689639768102,0.5294742765819639
0.1191549745726807,-0.8982788749490505,0.27035592505677436,0.8898814502862388,0.16375134558056464,1.1762845078256634,-0.09867751536607554,0.4095359218627193,-1.1875384233341604,-0.12081797801571297,-0.866769845438368,-0.5882567726066741,0.2943050712392907
-0.08920500965970785,2.4543455155685883,1.0506927050061625,1.6462011186826035,1.031244287743579,-0.8776921829175921,0.4857639126721478,-1.4038884021682894,0.45182363880858273,0.4920989290345888,-0.17144211425451003,-0.8559114946029296,0.2981852681694745
-2.8669673608672883,-0.7519676450493021,-0.21656333215165893,-1.291507288381405,0.14846882290586993,-1.1273588287320249,-0.5120605543905905,1.110524249852909,0.6211827887460063,0.06535768344689392,0.3704846012282856,1.0314337689230042,0.8541006159107464
-1.1756694038908226,-0.924519062898352,-1.5613336641254116,-0.3158674967208971,-0.1260701863487642,-1.099540425919772,1.1884168348366515,-0.12365962806967867,0.8421835087441045,-2.6592368827552946,-0.3030664395759402,-0.9795350437181781,0.3458583417067065
-0.22335907848930517,-0.2530273369861787,0.006977767267745906,-1.6982187025141218,1.923682610461469,-2.7462718534901596,2.2224392692850867,-0.5125376114820858,1.0210292662191458,-1.9896147252867522,-0.7645154042625186,0.6233070956608376,-0.405397012041221
-0.5346387235029069,0.8995386399121839,0.9295444634523397,-2.378690567895005,1.7921443035090217,-0.699938983574482,0.21327945028225131,-1.2149184216089481,-0.03861073497267265,-1.2899004648824128,-0.7625631581501812,-0.189168222175779,0.5320560549231989
0.8975827534942382,-1.556841252060957,1.1166194590207987,0.932481462928188,-0.8190098739140842,1.1323332094187706,1.1972534405409714,1.0460178568222682,1.12314453618788,0.30146567580140865,-1.1831691788833845,-0.7044011947253985,-0.09056732555053883
-2.0413689190730318,-0.8347544531471363,0.6575727701304638,0.9109907215214936,-0.09990242133886693,-0.2883211436849989,-0.0028026166426707837,1.4294926399943015,-0.15939641480699493,0.5707365645782052,0.5765597997158122,0.7417208526010101,0.7938564577959029
-2.6351301203537503,-1.100282874025514,-0.20435113516766393,0.7743305155261484,-0.1957250023342843,0.9459781558137687,0.7307941790261636,-0.47837392528120676,0.38037093701162017,-0.8642797739859489,0.4804984248866741,-1.1516389174235893,0.03304840789045388
0.6422143356302721,0.08294952873542413,1.4192707341945978,-0.49504799060953847,1.1643509581221145,1.2952062232453205,-1.1750964643604436,0.4964438370927989,0.3120431090880715,-0.8799125792249254,0.8297548967934325,-0.2549843051993894,-0.11762179286470684
0.27736263375648446,0.46312300352959174,1.2949288331815902,0.8386856166760546,-0.017026672815842265,-0.40878561581324424,-0.6418533052235871,1.5835814951730818,0.8020965333177525,-0.2791735226155479,-0.4634383333925523,-0.3833101723278691,-0.2034701302135637
-2.491517758057473,-1.2206328376004263,-0.8313026370983982,0.8006090177030987,-0.6582229532252756,0.9644312387427284,0.23701448564099653,-1.4613402847226087,-0.5546709491181941,-1.1082801607433133,0.03055858585739145,0.7904997476991188,0.2607179616013387
-1.7691829957862164,-1.3505162803405673,-1.8229910332118753,-0.5263411857671306,1.1648379058820961,2.0517364606001505,1.6073529132263915,-0.25710445531375997,0.2881748443111789,0.7908193609027973,0.5716638548341776,-0.00144715527822056,-0.12941939408710748
-0.19801584842458483,-0.6737585994435856,1.0505816448691336,0.987725632257032,0.7636398482397573,1.4093472970796355,0.19218058392072518,1.5008408097244104,0.2587995696064432,0.5505965670235046,-1.0785240890848642,0.06670399804756208,-0.3844530526661355
-2.4018187326432314,-0.2502626311909884,-1.5121823099624492,-1.6231477142484876,1.5727328831362446,1.56753077116339,-1.0887947980051313,-2.5620325191158217,1.973112048261133,-2.8795229349620404,-1.2412209933441298,0.537276172790903,-0.09314020547410824
-2.3442421188324,2.4081825353455617,0.287149805342611,-0.9930963624095581,0.9605394698533802,-1.9482775542786714,1.707338359870017,-0.04002274080735584,2.4698238789165727,0.09174265708550751,0.5114046921780928,0.40916464304814365,0.5120410022261631
-0.8003157064638134,0.7018491550280468,1.0417638601454917,-0.5869793612453674,-1.0352350897119036,0.4503535463419787,-0.9346328070378308,1.5851520444430884,-0.9448309792789007,0.6632014988331947,-0.5396643957247692,-0.16125615532751847,-0.7220355122974011
-1.380447397813228,-2.1596915101946035,-1.4205549203007195,-2.6793212500262307,0.13881862212633822,-1.378192139371064,0.583841760634331,-0.2613774289959381,1.3722657674807894,-1.195002896090304,-0.25390387655006774,0.39756329244944416,-0.5077281299653593
-2.891721607863656,-0.7375904621812303,0.9207772946278822,0.28033445416845054,-0.021106328790377778,0.21576239279890203,-0.5754275587775299,1.0000265177093162,0.7134279126046157,0.5986312997094031,0.9769668671995201,1.6844305465788814,1.6361611627887187
-0.8039963463747565,-0.5311750585625837,-1.9827516438303578,-0.06654644895570581,1.246018990686523,-0.42200110630907256,1.006930037789002,0.6926000091306584,-0.23159819623548614,0.6924881565035169,0.20093049189079404,0.1732389288465795,-1.1533403346045756
-2.104249144025283,1.526076439063916,1.3288725057847315,-1.5613123132693398,2.5023523351251726,-2.289754840378985,0.16158683909172228,0.886380258886573,0.8772580898240153,0.01597712077208952,-1.2898762408713935,-1.5894020713946146,0.5599223519016895
-1.4852871587607452,-0.423483174493628,-1.683246510430498,0.49055479899824356,0.18716170495157963,0.5254605757238148,1.5391022208221865,0.7229478668803552,-0.5162620487863421,1.0787047491407011,0.2494914336383714,-0.8045410801894998,-0.7386093485649092
0.14032537905307343,-1.2159220521656129,0.13832506027423092,-0.9779230022323602,-0.8848025609680908,1.2401993996493115,-0.7107624973593806,-1.04757411732945,-1.4787382678565781,-0.44063484603258657,0.14299512299785838,-1.6345160206188956,0.08710660137095788
-2.681772061717863,0.5930189445601467,1.7910150028411984,-1.3002616529169448,1.331350832752828,1.2016604973345064,0.558171469643109,-0.7102813566257306,0.2178724409221535,0.9079605498207811,-1.4091351688155034,1.0053059617645408,0.7444426021367269
-2.170857931240127,-2.1669920450598155,-0.08151565076832384,-0.8902440128367379,1.1774444880620192,0.3467701121008756,0.4620809780308828,1.163514462633512,-0.46182894644738065,0.9739293893495503,0.3529566930299432,-0.1115299911736311,-0.3523766819430357
0.36575965684557327,0.7879160765700154,-0.3958599189629542,0.4218777388539222,-0.20340799900187706,-0.5612826775747933,-0.8110411795733742,-0.11378162401998226,1.0457498009830268,0.981687550647211,-0.16357855717426495,-0.19728903596296762,-1.2694298212235633
